0.9800150575;4.51E-004;-0.000991856;-0.0038731192;-0.00100105;-0.002958528
1.4600224326;0.1006019322;-0.000991856;-0.0029048394;-0.00100105;-0.002958528
1.9400298078;0.1006019322;-0.000991856;-0.0019365596;-0.00300315;-0.002958528
2.4600377975;0.1006019322;-0.000991856;-0.0029048394;-0.00100105;-0.002958528
2.9400451726;0.1006019322;-0.000991856;-0.0029048394;-0.00100105;-0.002958528
3.440052855;0.1006019322;-0.000991856;-0.0038731192;-0.0020021;-0.002958528
3.9400605374;4.51E-004;-0.000991856;-0.0038731192;-0.00100105;-0.002958528
4.4400682199;0.1006019322;-0.000991856;-0.0038731192;-0.00100105;-0.003944704
4.9400759023;0.1006019322;-0.000991856;-0.0019365596;-0.0020021;-0.003944704
5.4400835847;4.51E-004;-0.000991856;-0.0029048394;-7.275957614E-012;-0.002958528
5.9600915744;0.1006019322;-0.000991856;-0.0019365596;-7.275957614E-012;-0.001972352
6.4400989495;4.51E-004;-0.000991856;-0.0029048394;-0.00100105;-0.002958528
6.9601069393;4.51E-004;-0.000991856;-0.0038731192;-0.00100105;-0.002958528
7.4401143144;4.51E-004;-0.000991856;-0.0019365596;-0.00100105;-0.002958528
7.9401219968;4.51E-004;-0.000991856;-0.0009682798;-0.0020021;-0.002958528
8.4401296792;0.1006019322;-0.000991856;-0.0029048394;-0.0020021;-0.003944704
8.9401373617;0.1006019322;-0.000991856;-0.0029048394;-0.0020021;-0.003944704
9.4401450441;0.1006019322;-0.000991856;-0.0019365596;-0.00300315;-0.002958528
9.9401527265;0.1006019322;-0.000991856;-0.0029048394;-0.0020021;-0.001972352
10.440160409;0.1006019322;-0.000991856;-0.0019365596;-0.00300315;-0.001972352
10.940168091;4.51E-004;-0.000991856;-0.0019365596;-0.0020021;-0.001972352
11.440175774;0.1006019322;-0.000991856;-0.0029048394;-0.0020021;-0.002958528
11.940183456;0.1006019322;-0.000991856;-0.0038731192;-0.00300315;-0.002958528
12.460191446;0.1006019322;-0.000991856;-0.0029048394;-0.0020021;-0.002958528
12.940198821;0.1006019322;-0.000991856;-0.0019365596;-0.0020021;-0.002958528
13.440206503;4.51E-004;-0.000991856;-0.0019365596;-0.00100105;-0.002958528
13.940214186;0.1006019322;-0.000991856;-0.0029048394;-0.00100105;-0.002958528
14.440221868;0.1006019322;-0.000991856;-0.0019365596;-0.00100105;-0.002958528
14.940229551;4.51E-004;-0.000991856;-0.0029048394;-0.00100105;-0.002958528
15.440237233;0.1006019322;-0.000991856;-0.0029048394;-0.0020021;-0.001972352
15.940244916;4.51E-004;-0.000991856;-0.0019365596;-0.00100105;-0.002958528
16.440252598;4.51E-004;-0.000991856;-0.0009682798;-0.00100105;-0.002958528
16.94026028;0.1006019322;-0.000991856;-0.0029048394;-0.00100105;-0.002958528
17.440267963;0.1006019322;-0.000991856;-0.0019365596;-0.0040042;-0.002958528
17.960275953;4.51E-004;-0.000991856;-0.0029048394;-0.0020021;-0.002958528
18.440283328;0.1006019322;-0.000991856;-0.0029048394;-0.0020021;-0.002958528
18.960291317;0.1006019322;-0.000991856;-0.0038731192;-0.0020021;-0.001972352
19.440298692;4.51E-004;-0.000991856;-0.0029048394;-0.0020021;-0.002958528
19.940306375;0.1006019322;-0.000991856;-0.0029048394;-0.00100105;-0.002958528
20.440314057;0.1006019322;-0.000991856;-0.0038731192;-0.0020021;-0.002958528
20.94032174;4.51E-004;-0.000991856;-0.0038731192;-0.0020021;-0.002958528
21.440329422;0.1006019322;-0.000991856;-0.0038731192;-0.00100105;-0.002958528
21.940337105;0.1006019322;-0.000991856;-0.0019365596;-0.00100105;-0.002958528
22.440344787;4.51E-004;-0.000991856;-0.0019365596;-0.0020021;-0.001972352
22.940352469;0.1006019322;-0.000991856;-0.0029048394;-0.0020021;-0.001972352
23.460360459;0.1006019322;-0.000991856;-0.0019365596;-0.0020021;-0.002958528
23.940367834;4.51E-004;-0.000991856;-0.0029048394;-0.0040042;-0.002958528
24.460375824;0.1006019322;-0.000991856;-0.0029048394;-0.00100105;-0.002958528
24.940383199;0.1006019322;-0.000991856;-0.0029048394;-0.0020021;-0.002958528
25.440390882;0.1006019322;-0.000991856;-0.0029048394;-0.00500525;-0.001972352
25.940398564;0.1006019322;-0.000991856;-0.0019365596;-0.00100105;-0.001972352
26.440406246;0.1006019322;-0.000991856;-0.0019365596;-0.00100105;-0.002958528
26.940413929;0.1006019322;-0.000991856;-0.0019365596;-0.00300315;-0.002958528
27.440421611;0.1006019322;-0.000991856;-0.0019365596;-0.00100105;-0.003944704
27.940429294;4.51E-004;-0.000991856;-0.0019365596;-0.0020021;-0.002958528
28.440436976;4.51E-004;-0.000991856;-0.0009682798;-0.0040042;-0.002958528
28.940444659;0.1006019322;-0.000991856;-0.0009682798;-7.275957614E-012;-0.002958528
29.440452341;0.1006019322;-0.000991856;-0.0019365596;-0.0020021;-0.002958528
29.960460331;0.1006019322;-0.000991856;-0.0019365596;-0.00300315;-0.003944704
30.440467706;0.1006019322;-0.000991856;-0.0019365596;-0.00100105;-0.003944704
30.960475696;4.51E-004;-0.000991856;-0.0019365596;-0.0020021;-0.003944704
31.440483071;4.51E-004;-0.000991856;-0.0009682798;-0.00100105;-0.002958528
31.940490753;0.1006019322;-0.000991856;-0.0019365596;-0.00100105;-0.002958528
32.440498435;0.1006019322;-0.000991856;-0.0019365596;-0.0020021;-0.002958528
32.940506118;0.1006019322;-0.000991856;-0.0019365596;-0.00100105;-0.002958528
33.4405138;0.1006019322;-0.000991856;-0.0038731192;-0.0020021;-0.002958528
33.940521483;0.1006019322;-0.000991856;-0.0029048394;-0.00300315;-0.002958528
34.440529165;0.1006019322;-0.000991856;-0.0038731192;-0.0020021;-0.002958528
34.940536848;0.1006019322;-0.000991856;-0.0029048394;-0.00300315;-0.003944704
35.460544837;0.1006019322;-0.000991856;-0.0019365596;-0.00300315;-0.003944704
35.940552212;0.1006019322;-0.000991856;-0.0029048394;-0.00100105;-0.002958528
36.460560202;0.1006019322;-0.000991856;-0.0029048394;-0.00300315;-0.002958528
36.940567577;0.1006019322;-0.000991856;-0.0019365596;-0.0040042;-0.002958528
37.44057526;0.1006019322;-0.000991856;-0.0019365596;-0.0020021;-0.003944704
37.940582942;0.1006019322;-0.000991856;-0.0038731192;-0.00300315;-0.002958528
38.440590625;0.1006019322;-0.000991856;-0.0029048394;-0.0020021;-0.002958528
38.940598307;0.1006019322;-0.000991856;-0.0019365596;-0.0040042;-0.002958528
39.440605989;4.51E-004;-0.000991856;-0.0019365596;-0.0020021;-0.002958528
39.940613672;0.1006019322;-0.000991856;-0.0019365596;-0.0020021;-0.002958528
40.440621354;4.51E-004;-0.000991856;-0.0038731192;-0.00500525;-0.002958528
40.940629037;4.51E-004;-0.000991856;-0.0038731192;-0.0020021;-0.002958528
41.440636719;0.1006019322;-0.000991856;-0.0029048394;-0.00100105;-0.002958528
41.960644709;0.1006019322;-0.000991856;-0.0019365596;-0.00100105;-0.002958528
42.440652084;4.51E-004;-0.000991856;-0.0029048394;-0.0020021;-0.003944704
42.960660074;4.51E-004;-0.000991856;-0.0029048394;-0.00300315;-0.003944704
43.440667449;0.1006019322;-0.000991856;-0.0019365596;-0.00100105;-0.002958528
43.940675131;0.1006019322;-0.000991856;-0.0019365596;-0.00100105;-0.002958528
44.440682814;0.1006019322;-0.000991856;-0.0019365596;-0.00300315;-0.002958528
44.940690496;0.1006019322;-0.000991856;-0.0019365596;-0.0020021;-0.002958528
45.440698178;0.1006019322;-0.000991856;-0.0019365596;-0.00100105;-0.003944704
45.940705861;0.1006019322;-0.000991856;-0.0019365596;-0.0040042;-0.003944704
46.460713851;0.1006019322;-0.000991856;-0.0019365596;-0.0020021;-0.003944704
46.940721226;0.1006019322;-0.000991856;-0.0019365596;-0.00100105;-0.003944704
47.460729215;0.1006019322;-0.000991856;-0.0019365596;-0.00100105;-0.003944704
47.940736591;4.51E-004;-0.000991856;-0.0019365596;-0.0020021;-0.002958528
48.440744273;0.1006019322;-0.000991856;-0.0009682798;-0.00300315;-0.002958528
48.940751955;0.1006019322;-0.000991856;-0.0019365596;-0.0020021;-0.003944704
49.440759638;0.1006019322;-0.000991856;-0.0019365596;-0.0020021;-0.003944704
49.94076732;4.51E-004;-0.000991856;-0.0019365596;-0.0020021;-0.002958528
50.440775003;0.1006019322;-0.000991856;-0.0019365596;-0.00100105;-0.003944704
50.940782685;0.1006019322;-0.000991856;-0.0029048394;-0.0020021;-0.002958528
51.440790367;0.1006019322;-0.000991856;-0.0019365596;-0.0020021;-0.002958528
51.960798357;0.1006019322;-0.000991856;-0.0019365596;-0.0020021;-0.002958528
52.440805732;0.1006019322;-0.000991856;-0.0029048394;-0.0020021;-0.002958528
52.940813415;0.1006019322;-0.000991856;-0.0038731192;-0.00300315;-0.003944704
53.440821097;0.1006019322;-0.000991856;-0.0038731192;-0.0020021;-0.002958528
53.94082878;0.1006019322;-0.000991856;-0.0019365596;-0.00500525;-0.002958528
54.440836462;4.51E-004;-0.000991856;-0.0019365596;-0.0020021;-0.002958528
54.940844144;0.1006019322;-0.000991856;-0.0019365596;-0.0020021;-0.002958528
55.440851827;0.1006019322;-0.000991856;-0.0029048394;-0.0020021;-0.002958528
55.940859509;0.1006019322;-0.000991856;-0.0019365596;-0.00100105;-0.002958528
56.460867499;4.51E-004;-0.000991856;-0.0009682798;-0.0020021;-0.002958528
56.940874874;4.51E-004;-0.000991856;-0.0019365596;-0.00100105;-0.003944704
57.460882864;0.1006019322;-0.000991856;-0.0019365596;-0.00100105;-0.003944704
57.960890546;4.51E-004;-0.000991856;-0.0019365596;-0.0020021;-0.002958528
58.440897921;0.1006019322;-0.000991856;-0.0029048394;-0.00300315;-0.002958528
58.940905604;0.1006019322;-0.000991856;-0.0019365596;-0.0020021;-0.002958528
59.440913286;4.51E-004;-0.000991856;-0.0029048394;-0.00100105;-0.002958528
59.940920969;0.1006019322;-0.000991856;-0.0019365596;-0.0020021;-0.002958528
60.440928651;0.1006019322;-0.000991856;-0.0029048394;-0.00300315;-0.002958528
60.940936333;0.1006019322;-0.000991856;-0.0029048394;-0.00300315;-0.002958528
61.440944016;0.1006019322;-0.000991856;-0.0038731192;-0.00300315;-0.002958528
61.960952006;4.51E-004;-0.000991856;-0.0019365596;-0.00300315;-0.002958528
62.440959381;0.1006019322;-0.000991856;-0.0029048394;-0.0020021;-0.002958528
62.96096737;0.1006019322;-0.000991856;-0.0019365596;-0.00100105;-0.003944704
63.440974746;0.1006019322;-0.000991856;-0.0019365596;-0.00300315;-0.002958528
63.940982428;0.1006019322;-0.000991856;-0.0019365596;-0.0020021;-0.002958528
64.440990109;0.1006019322;-0.000991856;-0.0019365596;-0.00300315;-0.003944704
64.94099779;0.1006019322;-0.000991856;-0.0019365596;-0.0020021;-0.002958528
65.461005778;0.1006019322;-0.000991856;-0.0029048394;-0.00500525;-0.002958528
65.961013459;0.1006019322;-0.000991856;-0.0038731192;-0.0020021;-0.002958528
66.481021447;0.1006019322;-0.000991856;-0.0029048394;-0.00300315;-0.002958528
66.961028821;0.1006019322;-0.000991856;-0.0019365596;-0.00300315;-0.002958528
67.481036809;0.1006019322;0;-0.0019365596;-0.00300315;-0.002958528
67.961044183;0.1006019322;-0.000991856;-0.0038731192;-0.00300315;-0.003944704
68.481052171;0.1006019322;-0.000991856;-0.0019365596;-0.00300315;-0.003944704
68.961059545;4.51E-004;-0.000991856;-0.0019365596;-0.0040042;-0.002958528
69.481067533;0.1006019322;-0.000991856;-0.0019365596;-0.00300315;-0.002958528
69.961074907;0.1006019322;-0.000991856;-0.0019365596;-0.00300315;-0.003944704
70.461082588;0.1006019322;-0.000991856;-0.0019365596;-0.00300315;-0.003944704
70.961090269;0.2007524152;-0.000991856;-0.0019365596;-0.00300315;-0.003944704
71.46109795;0.2007524152;-0.000991856;-0.0019365596;-0.0040042;-0.003944704
71.961105631;0.2007524152;-0.000991856;-0.0019365596;-0.0040042;-0.003944704
72.461113312;0.3009028983;-0.000991856;-0.0019365596;-0.0040042;-0.00493088
72.961120993;0.3009028983;-0.000991856;-0.0019365596;-0.00300315;-0.003944704
73.441128367;0.4010533813;-0.000991856;-0.0019365596;-0.00300315;-0.00493088
73.961136355;0.4010533813;-0.000991856;-0.0019365596;-0.0040042;-0.00493088
74.461144036;0.4010533813;-0.000991856;-0.0019365596;-0.00300315;-0.00493088
74.961151717;0.4010533813;-0.000991856;-0.0019365596;-0.00300315;-0.00493088
75.461159398;0.5012038644;-0.000991856;-0.0019365596;-0.00300315;-0.00493088
75.961167079;0.5012038644;-0.000991856;-0.0009682798;-0.0040042;-0.00493088
76.46117476;0.5012038644;-0.000991856;-0.0019365596;-0.00500525;-0.005917056
76.981182748;0.6013543474;-0.000991856;-0.0029048394;-0.00700735;-0.005917056
77.461190121;0.6013543474;-0.000991856;-0.0038731192;-0.00500525;-0.005917056
77.98119811;0.6013543474;-0.000991856;-0.0019365596;-0.00500525;-0.005917056
78.461205483;0.6013543474;-0.000991856;-0.0019365596;-0.0060063;-0.006903232
78.981213472;0.6013543474;-0.000991856;-0.0009682798;-0.00500525;-0.006903232
79.461220845;0.7015048305;-0.000991856;-0.0009682798;-0.0060063;-0.006903232
79.981228834;0.7015048305;-0.000991856;-0.0009682798;-0.0060063;-0.006903232
80.461236207;0.8016553135;-0.000991856;-0.0009682798;-0.0060063;-0.006903232
80.981244195;0.8016553135;-0.000991856;-0.0019365596;-0.00900945;-0.006903232
81.461251569;0.8016553135;-0.000991856;-0.0038731192;-0.0060063;-0.006903232
81.981259557;0.8016553135;-0.000991856;-0.0019365596;-0.00700735;-0.006903232
82.461266931;0.8016553135;-0.000991856;-0.0009682798;-0.00500525;-0.006903232
82.961274612;0.9018057966;-0.000991856;-0.0019365596;-0.00700735;-0.006903232
83.461282293;0.9018057966;-0.000991856;-0.0019365596;-0.00900945;-0.007889408
83.981290281;0.9018057966;-0.000991856;-0.0019365596;-0.00700735;-0.007889408
84.461297655;1.0019562797;-0.000991856;-0.0019365596;-0.00700735;-0.007889408
84.961305336;1.0019562797;-0.000991856;-0.0029048394;-0.00700735;-0.007889408
85.461313017;1.0019562797;-0.000991856;-0.0029048394;-0.00700735;-0.008875584
85.961320698;1.0019562797;-0.000991856;-0.0019365596;-0.0080084;-0.008875584
86.461328379;1.1021067627;-0.000991856;-0.0029048394;-0.0080084;-0.008875584
86.96133606;1.1021067627;-0.000991856;-0.0009682798;-0.00900945;-0.00986176
87.461343741;1.1021067627;-0.000991856;-0.0019365596;-0.0080084;-0.00986176
87.961351422;1.2022572458;-0.000991856;-0.0019365596;-0.0080084;-0.00986176
88.461359103;1.2022572458;-0.000991856;-0.0019365596;-0.00900945;-0.00986176
88.961366784;1.2022572458;-0.000991856;-0.0019365596;-0.00900945;-0.00986176
89.461374465;1.3024077288;-0.000991856;-0.0029048394;-0.00900945;-0.00986176
89.961382146;1.3024077288;-0.000991856;-0.0029048394;-0.0080084;-0.00986176
90.461389827;1.3024077288;-0.000991856;-0.0019365596;-0.0080084;-0.00986176
90.961397507;1.3024077288;-0.000991856;-0.0029048394;-0.00700735;-0.010847936
91.461405188;1.4025582119;-0.001983712;-0.0019365596;-0.0080084;-0.00986176
91.961412869;1.4025582119;-0.001983712;-0.0029048394;-0.00900945;-0.010847936
92.46142055;1.4025582119;-0.001983712;-0.0029048394;-0.00900945;-0.010847936
92.961428231;1.5027086949;-0.000991856;-0.0029048394;-0.00900945;-0.010847936
93.48143622;1.5027086949;-0.000991856;-0.0029048394;-0.0100104999;-0.010847936
93.961443593;1.5027086949;-0.001983712;-0.0029048394;-0.0100104999;-0.010847936
94.481451582;1.5027086949;-0.000991856;-0.0038731192;-0.0100104999;-0.010847936
94.961458955;1.602859178;-0.001983712;-0.0019365596;-0.0100104999;-0.011834112
95.481466943;1.602859178;-0.000991856;-0.0019365596;-0.0100104999;-0.011834112
95.961474317;1.703009661;-0.001983712;-0.0029048394;-0.0120125999;-0.011834112
96.481482305;1.703009661;-0.001983712;-0.0019365596;-0.0140146999;-0.011834112
96.961489679;1.703009661;-0.001983712;-0.0038731192;-0.0110115499;-0.012820288
97.481497667;1.803160144;-0.001983712;-0.0038731192;-0.0110115499;-0.012820288
97.961505041;1.803160144;-0.001983712;-0.0038731192;-0.0120125999;-0.012820288
98.481513029;1.9033106271;-0.001983712;-0.0038731192;-0.0110115499;-0.012820288
98.961520403;1.9033106271;-0.001983712;-0.0038731192;-0.0110115499;-0.012820288
99.481528391;1.9033106271;-0.001983712;-0.0038731192;-0.0120125999;-0.013806464
99.961535765;2.0034611102;-0.001983712;-0.0038731192;-0.0150157499;-0.013806464
100.48154375;2.0034611102;-0.001983712;-0.0038731192;-0.0130136499;-0.013806464
100.96155113;2.0034611102;-0.001983712;-0.0038731192;-0.0130136499;-0.013806464
101.48155912;2.1036115932;-0.001983712;-0.004841399;-0.0140146999;-0.013806464
101.96156649;2.1036115932;-0.001983712;-0.0029048394;-0.0130136499;-0.013806464
102.46157417;2.2037620763;-0.001983712;-0.0029048394;-0.0130136499;-0.01479264
102.96158185;2.2037620763;-0.001983712;-0.0029048394;-0.0140146999;-0.01479264
103.46158953;2.2037620763;-0.001983712;-0.0029048394;-0.0120125999;-0.015778816
103.96159721;2.3039125593;-0.001983712;-0.0038731192;-0.0130136499;-0.015778816
104.46160489;2.3039125593;-0.001983712;-0.0038731192;-0.0150157499;-0.015778816
104.96161257;2.4040630424;-0.001983712;-0.0029048394;-0.0150157499;-0.015778816
105.46162026;2.4040630424;-0.001983712;-0.0029048394;-0.0150157499;-0.016764992
105.96162794;2.4040630424;-0.001983712;-0.0019365596;-0.0150157499;-0.016764992
106.46163562;2.5042135254;-0.001983712;-0.0019365596;-0.0160167999;-0.016764992
106.9616433;2.6043640084;-0.002975568;0;-0.0160167999;-0.016764992
107.46165098;2.6043640084;-0.002975568;-0.0019365596;-0.0170178499;-0.017751168
107.96165866;2.6043640084;-0.002975568;-0.0029048394;-0.0150157499;-0.017751168
108.46166634;2.7045144915;-0.002975568;-0.0029048394;-0.0170178499;-0.018737344
108.96167402;2.7045144915;-0.002975568;-0.0038731192;-0.0170178499;-0.018737344
109.4616817;2.8046649746;-0.002975568;-0.0019365596;-0.0180188999;-0.018737344
109.96168938;2.8046649746;-0.002975568;-0.0019365596;-0.0170178499;-0.018737344
110.46169707;2.9048154576;-0.002975568;-0.0029048394;-0.0180188999;-0.01972352
110.96170475;2.9048154576;-0.002975568;-0.0029048394;-0.0180188999;-0.01972352
111.46171243;3.0049659407;-0.002975568;-0.0029048394;-0.0180188999;-0.01972352
111.96172011;3.0049659407;-0.002975568;-0.0019365596;-0.020021;-0.020709696
112.46172779;3.0049659407;-0.002975568;-0.0019365596;-0.0210220499;-0.021695872
112.96173547;3.1051164237;-0.002975568;-0.0029048394;-0.0180188999;-0.020709696
113.46174315;3.1051164237;-0.002975568;-0.0029048394;-0.0190199499;-0.020709696
113.96175083;3.2052669068;-0.002975568;-0.0029048394;-0.0190199499;-0.021695872
114.46175851;3.3054173898;-0.002975568;-0.0019365596;-0.020021;-0.022682048
114.9817665;3.3054173898;-0.003967424;-0.0019365596;-0.020021;-0.021695872
115.46177387;3.4055678729;-0.002975568;-0.0019365596;-0.0210220499;-0.022682048
115.96178156;3.4055678729;-0.003967424;-0.0029048394;-0.0230241499;-0.022682048
116.46178924;3.5057183559;-0.003967424;-0.0029048394;-0.0210220499;-0.022682048
116.96179692;3.6058688389;-0.002975568;-0.0029048394;-0.0210220499;-0.022682048
117.4618046;3.6058688389;-0.003967424;-0.0029048394;-0.0210220499;-0.023668224
117.96181228;3.706019322;-0.003967424;-0.0029048394;-0.0230241499;-0.0246544
118.46181996;3.706019322;-0.003967424;-0.0029048394;-0.0230241499;-0.0246544
118.98182795;3.8061698051;-0.003967424;-0.0009682798;-0.0230241499;-0.0246544
119.46183532;3.9063202881;-0.003967424;-0.0009682798;-0.0240251999;-0.0246544
119.98184331;3.9063202881;-0.003967424;-0.0019365596;-0.0220230999;-0.025640576
120.46185068;4.0064707711;-0.003967424;-0.0019365596;-0.0220230999;-0.025640576
120.98185867;4.0064707711;-0.003967424;-0.0009682798;-0.0240251999;-0.026626752
121.46186605;4.0064707711;-0.003967424;-0.0029048394;-0.0240251999;-0.025640576
121.96187373;4.1066212542;-0.003967424;-0.0019365596;-0.0230241499;-0.025640576
122.46188141;4.2067717372;-0.003967424;-0.0038731192;-0.0270283499;-0.025640576
122.96188909;4.3069222203;-0.003967424;-0.0029048394;-0.0250262499;-0.025640576
123.46189677;4.3069222203;-0.003967424;-0.0009682798;-0.0250262499;-0.026626752
123.96190445;4.4070727034;-0.003967424;0;-0.0250262499;-0.027612928
124.46191213;4.5072231864;-0.003967424;-0.0009682798;-0.0270283499;-0.027612928
124.96191981;4.5072231864;-0.003967424;0;-0.0250262499;-0.027612928
125.46192749;4.6073736694;-0.003967424;-0.0009682798;-0.0260272999;-0.027612928
125.96193518;4.7075241525;-0.002975568;-0.0009682798;-0.0260272999;-0.027612928
126.46194286;4.7075241525;-0.002975568;0;-0.0270283499;-0.028599104
126.96195054;4.8076746356;-0.002975568;-0.0009682798;-0.0270283499;-0.028599104
127.46195822;4.8076746356;-0.002975568;-0.0019365596;-0.0270283499;-0.028599104
127.9619659;4.8076746356;-0.002975568;0;-0.0280293999;-0.02958528
128.46197358;4.9078251186;-0.002975568;0;-0.0270283499;-0.02958528
128.96198127;5.0079756016;-0.002975568;0;-0.0260272999;-0.02958528
129.46198895;5.0079756016;-0.002975568;-0.0009682798;-0.0270283499;-0.02958528
129.96199663;5.1081260847;-0.002975568;-0.0009682798;-0.0270283499;-0.02958528
130.46200432;5.1081260847;-0.002975568;0;-0.0280293999;-0.02958528
130.962012;5.2082765677;-0.002975568;-0.0009682798;-0.0280293999;-0.030571456
131.46201969;5.3084270508;-0.002975568;-0.0009682798;-0.0290304499;-0.031557632
131.96202737;5.4085775339;-0.002975568;-0.0009682798;-0.0280293999;-0.031557632
132.46203505;5.4085775339;-0.002975568;-0.0009682798;-0.0290304499;-0.032543808
132.96204274;5.5087280169;-0.001983712;-0.0009682798;-0.0300314999;-0.031557632
133.46205042;5.5087280169;-0.002975568;0;-0.0310325499;-0.032543808
133.96205811;5.6088785;-0.001983712;-0.0009682798;-0.0310325499;-0.032543808
134.46206579;5.6088785;-0.001983712;-0.0009682798;-0.0320335999;-0.033529984
134.96207347;5.709028983;-0.001983712;-0.0019365596;-0.0320335999;-0.032543808
135.46208116;5.8091794661;-0.001983712;-0.0019365596;-0.0330346499;-0.032543808
135.96208884;5.9093299491;-0.001983712;-0.0019365596;-0.0320335999;-0.033529984
136.48209683;5.9093299491;-0.001983712;-0.0019365596;-0.0330346499;-0.033529984
136.96210421;5.9093299491;-0.001983712;-0.0019365596;-0.0310325499;-0.03451616
137.4821122;6.1096309152;-0.001983712;-0.0019365596;-0.0310325499;-0.03451616
137.96211958;6.1096309152;-0.001983712;-0.0029048394;-0.0320335999;-0.03451616
138.48212757;6.2097813983;-0.001983712;-0.0029048394;-0.0320335999;-0.035502336
138.96213494;6.2097813983;-0.001983712;-0.0019365596;-0.0330346499;-0.035502336
139.48214294;6.3099318813;-0.001983712;-0.0029048394;-0.0330346499;-0.035502336
139.96215031;6.4100823644;-0.001983712;-0.0029048394;-0.0340356999;-0.035502336
140.4821583;6.5102328474;-0.001983712;-0.0029048394;-0.0340356999;-0.036488512
140.96216568;6.5102328474;-0.000991856;-0.0029048394;-0.0330346499;-0.037474688
141.48217367;6.6103833304;-0.001983712;-0.0029048394;-0.0340356999;-0.037474688
141.96218105;6.6103833304;-0.001983712;-0.0029048394;-0.0340356999;-0.037474688
142.46218873;6.7105338135;-0.001983712;-0.0019365596;-0.0370388499;-0.038460864
142.96219642;6.8106842965;-0.000991856;-0.0019365596;-0.0350367499;-0.03944704
143.48220441;6.8106842965;-0.000991856;-0.0019365596;-0.0350367499;-0.03944704
143.96221178;7.0109852626;-0.000991856;-0.0019365596;-0.0350367499;-0.03944704
144.46221947;7.0109852626;-0.000991856;-0.0019365596;-0.0360377999;-0.03944704
144.96222715;7.0109852626;-0.000991856;-0.0038731192;-0.0360377999;-0.03944704
145.46223483;7.1111357457;-0.000991856;-0.0038731192;-0.0350367499;-0.03944704
145.96224252;7.1111357457;-0.000991856;-0.004841399;-0.0360377999;-0.040433216
146.4622502;7.3114367118;-0.000991856;-0.004841399;-0.0370388499;-0.040433216
146.96225789;7.3114367118;-0.000991856;-0.004841399;-0.0370388499;-0.041419392
147.46226557;7.4115871949;-0.000991856;-0.004841399;-0.0370388499;-0.042405568
147.96227325;7.4115871949;-0.000991856;-0.004841399;-0.0380398999;-0.042405568
148.46228094;7.6118881609;0;-0.004841399;-0.03904095;-0.042405568
148.96228862;7.6118881609;0;-0.004841399;-0.0380398999;-0.043391744
149.48229661;7.712038644;0;-0.0058096788;-0.03904095;-0.043391744
149.96230399;7.712038644;0;-0.0058096788;-0.03904095;-0.04437792
150.48231198;7.8121891271;0;-0.0058096788;-0.03904095;-0.04437792
150.96231936;7.9123396101;0;-0.004841399;-0.03904095;-0.045364096
151.48232735;8.0124900931;0;-0.004841399;-0.0400419999;-0.045364096
151.96233473;8.1126405762;0;-0.0058096788;-0.0400419999;-0.045364096
152.48234272;8.1126405762;0;-0.0058096788;-0.03904095;-0.045364096
152.96235009;8.2127910593;0;-0.0058096788;-0.0410430499;-0.047336448
153.48235808;8.2127910593;0;-0.004841399;-0.0410430499;-0.046350272
153.96236546;8.3129415423;0;-0.0058096788;-0.0420440999;-0.047336448
154.48237345;8.4130920254;0;-0.0077462384;-0.0420440999;-0.048322624
154.96238083;8.4130920254;0;-0.0067779586;-0.0420440999;-0.0493088
155.48238882;8.5132425084;-0.000991856;-0.0058096788;-0.0440461999;-0.048322624
155.9623962;8.6133929915;-0.000991856;-0.0058096788;-0.0410430499;-0.048322624
156.48240419;8.6133929915;-0.000991856;-0.0058096788;-0.0420440999;-0.0493088
156.96241156;8.7135434745;-0.000991856;-0.004841399;-0.0440461999;-0.0493088
157.48241956;8.7135434745;0;-0.0058096788;-0.0430451499;-0.050294976
157.96242693;8.9138444406;-0.000991856;-0.0067779586;-0.0420440999;-0.050294976
158.48243492;9.0139949236;-0.000991856;-0.0058096788;-0.0420440999;-0.051281152
158.9624423;8.9138444406;-0.000991856;-0.0077462384;-0.0440461999;-0.051281152
159.46244998;9.1141454067;-0.000991856;-0.0067779586;-0.0450472499;-0.051281152
159.96245767;9.2142958898;-0.001983712;-0.0067779586;-0.0430451499;-0.052267328
160.46246535;9.3144463728;-0.001983712;-0.0058096788;-0.0440461999;-0.052267328
160.96247303;9.3144463728;-0.000991856;-0.0058096788;-0.0440461999;-0.053253504
161.46248072;9.4145968558;-0.000991856;-0.0058096788;-0.0450472499;-0.053253504
161.9624884;9.5147473389;-0.001983712;-0.0058096788;-0.0450472499;-0.05423968
162.46249609;9.5147473389;-0.001983712;-0.0067779586;-0.0460482999;-0.05423968
162.96250377;9.614897822;-0.001983712;-0.0067779586;-0.0460482999;-0.05423968
163.46251145;9.715048305;-0.001983712;-0.0067779586;-0.0490514499;-0.055225856
163.96251914;9.8151987881;-0.001983712;-0.0087145182;-0.0470493499;-0.055225856
164.46252682;9.8151987881;-0.001983712;-0.009682798;-0.0460482999;-0.056212032
164.96253451;9.9153492711;-0.001983712;-0.0087145182;-0.0460482999;-0.056212032
165.46254219;9.9153492711;-0.001983712;-0.009682798;-0.0470493499;-0.057198208
165.96254987;10.015499754;-0.001983712;-0.009682798;-0.0470493499;-0.056212032
166.46255756;10.115650237;-0.002975568;-0.0106510778;-0.0470493499;-0.057198208
166.96256524;10.115650237;-0.002975568;-0.0106510778;-0.0470493499;-0.058184384
167.46257293;10.315951203;-0.002975568;-0.009682798;-0.0480503999;-0.058184384
167.96258061;10.416101686;-0.002975568;-0.0087145182;-0.0510535499;-0.058184384
168.46258829;10.516252169;-0.002975568;-0.0087145182;-0.0490514499;-0.05917056
168.96259598;10.616402652;-0.002975568;-0.0106510778;-0.0500525;-0.05917056
169.46260366;10.716553135;-0.002975568;-0.0116193576;-0.0500525;-0.061142912
169.96261134;10.616402652;-0.002975568;-0.0116193576;-0.0520545999;-0.061142912
170.46261903;10.816703619;-0.002975568;-0.0106510778;-0.0520545999;-0.062129088
170.96262671;10.916854102;-0.002975568;-0.0116193576;-0.0510535499;-0.062129088
171.4626344;11.017004585;-0.003967424;-0.0106510778;-0.0520545999;-0.063115264
171.96264208;11.117155068;-0.003967424;-0.0116193576;-0.0520545999;-0.06410144
172.46264976;11.117155068;-0.002975568;-0.0106510778;-0.0530556499;-0.063115264
172.96265745;11.217305551;-0.003967424;-0.0116193576;-0.0520545999;-0.065087616
173.46266513;11.317456034;-0.003967424;-0.0116193576;-0.0520545999;-0.06410144
173.96267282;11.417606517;-0.003967424;-0.0106510778;-0.0540566999;-0.065087616
174.4626805;11.517757;-0.003967424;-0.0125876374;-0.0530556499;-0.066073792
174.96268818;11.517757;-0.003967424;-0.0135559172;-0.0540566999;-0.067059968
175.46269587;11.517757;-0.003967424;-0.0125876374;-0.0550577499;-0.066073792
175.96270355;11.617907483;-0.003967424;-0.0125876374;-0.0560587999;-0.066073792
176.46271124;11.617907483;-0.003967424;-0.0116193576;-0.0560587999;-0.067059968
176.96271892;11.718057966;-0.003967424;-0.0125876374;-0.0560587999;-0.067059968
177.4627266;11.718057966;-0.003967424;-0.0135559172;-0.0560587999;-0.068046144
177.98273459;11.818208449;-0.003967424;-0.0135559172;-0.0560587999;-0.068046144
178.46274197;11.818208449;-0.003967424;-0.0135559172;-0.0570598499;-0.068046144
178.98274996;11.918358932;-0.003967424;-0.0135559172;-0.0580609;-0.06903232
179.46275734;12.018509415;-0.003967424;-0.0135559172;-0.0590619499;-0.06903232
179.98276533;12.118659898;-0.003967424;-0.0125876374;-0.0590619499;-0.071004672
180.46277271;12.118659898;-0.003967424;-0.014524197;-0.060063;-0.071004672
180.9827807;12.218810381;-0.003967424;-0.0135559172;-0.0580609;-0.071004672
181.46278807;12.318960864;-0.003967424;-0.0135559172;-0.0590619499;-0.072977024
181.96279576;12.419111347;-0.003967424;-0.0125876374;-0.060063;-0.071990848
182.46280344;12.419111347;-0.003967424;-0.0125876374;-0.060063;-0.072977024
182.96281113;12.51926183;-0.00495928;-0.0125876374;-0.0610640499;-0.072977024
183.46281881;12.51926183;-0.00495928;-0.0135559172;-0.0640671999;-0.072977024
183.96282649;12.619412313;-0.00495928;-0.0135559172;-0.0620650999;-0.0739632
184.46283418;12.719562797;-0.00495928;-0.0135559172;-0.0610640499;-0.074949376
184.96284186;12.81971328;-0.00495928;-0.0125876374;-0.0630661499;-0.074949376
185.46284954;12.919863763;-0.005951136;-0.0135559172;-0.0640671999;-0.075935552
185.96285723;12.919863763;-0.005951136;-0.014524197;-0.0630661499;-0.075935552
186.48286522;13.020014246;-0.005951136;-0.014524197;-0.0630661499;-0.076921728
186.9628726;13.120164729;-0.005951136;-0.014524197;-0.0640671999;-0.076921728
187.48288059;13.220315212;-0.005951136;-0.014524197;-0.0650682499;-0.077907904
187.96288796;13.220315212;-0.005951136;-0.0154924768;-0.0630661499;-0.076921728
188.48289596;13.420616178;-0.005951136;-0.0164607566;-0.0650682499;-0.077907904
188.96290333;13.520766661;-0.006942992;-0.0174290363;-0.0670703499;-0.077907904
189.48291132;13.520766661;-0.006942992;-0.0174290363;-0.0660692999;-0.077907904
189.9629187;13.620917144;-0.006942992;-0.0164607566;-0.0670703499;-0.07889408
190.46292638;13.721067627;-0.006942992;-0.0174290363;-0.0670703499;-0.07889408
190.96293407;13.82121811;-0.007934848;-0.0174290363;-0.0660692999;-0.079880256
191.46294175;13.921368593;-0.007934848;-0.0164607566;-0.0680713999;-0.079880256
191.96294944;13.921368593;-0.007934848;-0.0174290363;-0.0680713999;-0.080866432
192.44295681;14.121669559;-0.007934848;-0.0174290363;-0.0690724499;-0.080866432
192.92296419;14.121669559;-0.007934848;-0.0174290363;-0.0690724499;-0.080866432
193.44297218;14.221820042;-0.007934848;-0.0164607566;-0.0700734999;-0.080866432
193.96298017;14.321970525;-0.008926704;-0.0154924768;-0.0680713999;-0.082838784
194.44298755;14.422121008;-0.008926704;-0.0164607566;-0.0700734999;-0.082838784
194.96299554;14.522271491;-0.008926704;-0.0164607566;-0.0730766499;-0.08382496
195.44300292;14.622421974;-0.008926704;-0.0164607566;-0.0740776999;-0.082838784
195.96301091;14.622421974;-0.008926704;-0.0164607566;-0.0720755999;-0.08382496
196.44301828;14.722572458;-0.008926704;-0.0183973162;-0.0720755999;-0.084811136
196.96302627;14.822722941;-0.00991856;-0.0183973162;-0.0720755999;-0.084811136
197.44303365;14.922873424;-0.00991856;-0.0174290363;-0.0750787499;-0.084811136
197.96304164;15.023023907;-0.00991856;-0.0183973162;-0.0770808499;-0.084811136
198.44304902;15.12317439;-0.00991856;-0.019365596;-0.0770808499;-0.085797312
198.9430567;15.223324873;-0.010910416;-0.0183973162;-0.0760797999;-0.085797312
199.44306439;15.323475356;-0.010910416;-0.0174290363;-0.0780818999;-0.086783488
199.94307207;15.423625839;-0.010910416;-0.019365596;-0.07908295;-0.086783488
200.44307975;15.523776322;-0.010910416;-0.0183973162;-0.07908295;-0.087769664
200.94308744;15.623926805;-0.010910416;-0.019365596;-0.0800839999;-0.08875584
201.44309512;15.724077288;-0.010910416;-0.0203338758;-0.0780818999;-0.087769664
201.94310281;15.724077288;-0.0119022719;-0.0213021556;-0.0780818999;-0.08875584
202.4631108;15.924378254;-0.012894128;-0.0203338758;-0.07908295;-0.089742016
202.94311817;16.024528737;-0.012894128;-0.0213021556;-0.0800839999;-0.08875584
203.46312616;16.12467922;-0.012894128;-0.0213021556;-0.07908295;-0.08875584
203.94313354;16.224829703;-0.012894128;-0.0213021556;-0.0800839999;-0.090728192
204.46314153;16.224829703;-0.012894128;-0.0213021556;-0.0810850499;-0.090728192
204.94314891;16.425130669;-0.013885984;-0.0222704354;-0.0810850499;-0.091714368
205.44315659;16.525281152;-0.013885984;-0.0232387152;-0.0810850499;-0.091714368
205.94316428;16.625431635;-0.01487784;-0.0261435546;-0.0800839999;-0.092700544
206.44317196;16.625431635;-0.01487784;-0.0261435546;-0.0810850499;-0.092700544
206.94317964;16.825732602;-0.015869696;-0.0280801141;-0.0810850499;-0.09368672
207.44318733;16.925883085;-0.015869696;-0.0280801141;-0.0820860999;-0.09368672
207.96319532;17.026033568;-0.0168615519;-0.0280801141;-0.0820860999;-0.09368672
208.4432027;17.126184051;-0.0168615519;-0.0280801141;-0.0840881999;-0.094672896
208.96321069;17.226334534;-0.0168615519;-0.029048394;-0.0830871499;-0.094672896
209.44321806;17.326485017;-0.0168615519;-0.0300166737;-0.0820860999;-0.095659072
209.94322575;17.4266355;-0.0168615519;-0.0300166737;-0.0840881999;-0.096645248
210.44323343;17.526785983;-0.017853408;-0.0300166737;-0.0850892499;-0.096645248
210.94324112;17.626936466;-0.017853408;-0.0309849536;-0.0850892499;-0.096645248
211.4432488;17.827237432;-0.018845264;-0.0319532334;-0.0850892499;-0.097631424
211.94325648;17.827237432;-0.018845264;-0.0319532334;-0.0860902999;-0.097631424
212.46326447;18.027538398;-0.018845264;-0.0300166737;-0.0870913499;-0.0986176
212.94327185;18.127688881;-0.0198371199;-0.0309849536;-0.0870913499;-0.099603776
213.46327984;18.127688881;-0.0198371199;-0.0319532334;-0.0860902999;-0.099603776
213.94328722;18.227839364;-0.0198371199;-0.0329215132;-0.0880923999;-0.100589952
214.46329521;18.42814033;-0.020828976;-0.0329215132;-0.0880923999;-0.101576128
214.94330259;18.528290813;-0.020828976;-0.0329215132;-0.0890934499;-0.101576128
215.44331027;18.72859178;-0.020828976;-0.0348580728;-0.0870913499;-0.102562304
215.94331795;18.828742263;-0.021820832;-0.0358263526;-0.0890934499;-0.102562304
216.44332564;18.828742263;-0.021820832;-0.0358263526;-0.0930976499;-0.102562304
216.96333363;19.029043229;-0.022812688;-0.0358263526;-0.0900945;-0.10354848
217.44334101;19.129193712;-0.022812688;-0.0358263526;-0.0910955499;-0.10354848
217.963349;19.229344195;-0.0238045439;-0.0377629121;-0.0920965999;-0.104534656
218.44335637;19.329494678;-0.0238045439;-0.038731192;-0.0910955499;-0.105520832
218.94336406;19.429645161;-0.0247964;-0.0396994718;-0.0910955499;-0.105520832
219.44337174;19.629946127;-0.0247964;-0.0406677516;-0.0920965999;-0.105520832
219.94337942;19.73009661;-0.0267801119;-0.0426043111;-0.0930976499;-0.106507008
220.46338742;19.830247093;-0.0267801119;-0.0426043111;-0.0910955499;-0.106507008
220.94339479;19.930397576;-0.027771968;-0.0426043111;-0.0920965999;-0.106507008
221.46340278;20.030548059;-0.028763824;-0.0426043111;-0.0930976499;-0.107493184
221.94341016;20.130698542;-0.028763824;-0.0445408708;-0.0920965999;-0.106507008
222.44341784;20.330999508;-0.02975568;-0.0455091506;-0.0930976499;-0.107493184
222.94342553;20.431149991;-0.0307475359;-0.0455091506;-0.0930976499;-0.107493184
223.44343321;20.531300474;-0.0307475359;-0.0464774304;-0.0930976499;-0.10847936
223.9434409;20.631450957;-0.0307475359;-0.0474457102;-0.0940986999;-0.10847936
224.44344858;20.631450957;-0.031739392;-0.0474457102;-0.0940986999;-0.10847936
224.96345657;20.831751924;-0.032731248;-0.0484139899;-0.0940986999;-0.110451712
225.44346395;20.931902407;-0.032731248;-0.0484139899;-0.0940986999;-0.110451712
225.96347194;21.03205289;-0.033723104;-0.0493822698;-0.0940986999;-0.110451712
226.44347932;21.132203373;-0.033723104;-0.0503505495;-0.0930976499;-0.110451712
226.943487;21.132203373;-0.033723104;-0.0513188294;-0.0930976499;-0.112424064
227.44349468;21.332504339;-0.03471496;-0.0542236688;-0.0940986999;-0.11341024
227.94350237;21.432654822;-0.0357068159;-0.0542236688;-0.0950997499;-0.11341024
228.44351005;21.632955788;-0.0357068159;-0.0551919486;-0.0950997499;-0.115382592
228.94351773;21.733106271;-0.036698672;-0.0561602284;-0.0961007999;-0.116368768
229.46352573;21.833256754;-0.037690528;-0.0561602284;-0.0971018499;-0.117354944
229.9435331;21.933407237;-0.037690528;-0.0571285082;-0.0950997499;-0.117354944
230.46354109;22.03355772;-0.0386823839;-0.058096788;-0.0961007999;-0.117354944
230.94354847;22.133708203;-0.0386823839;-0.0600333476;-0.0961007999;-0.119327296
231.44355615;22.334009169;-0.0386823839;-0.0600333476;-0.0961007999;-0.120313472
231.94356384;22.334009169;-0.03967424;-0.0590650678;-0.0971018499;-0.120313472
232.44357152;22.534310135;-0.03967424;-0.0600333476;-0.0981029;-0.121299648
232.94357921;22.634460619;-0.040666096;-0.0619699072;-0.0981029;-0.121299648
233.44358689;22.734611102;-0.040666096;-0.0619699072;-0.0991039499;-0.122285824
233.96359488;22.834761585;-0.041657952;-0.0629381869;-0.0981029;-0.123272
234.44360226;22.934912068;-0.041657952;-0.0639064668;-0.0981029;-0.124258176
234.96361025;23.035062551;-0.0426498079;-0.0639064668;-0.0981029;-0.125244352
235.44361763;23.135213034;-0.043641664;-0.0697161456;-0.0991039499;-0.126230528
235.94362531;23.235363517;-0.043641664;-0.0697161456;-0.0981029;-0.126230528
236.44363299;23.435664483;-0.04463352;-0.0706844253;-0.0981029;-0.127216704
236.94364068;23.535814966;-0.04463352;-0.0716527052;-0.0991039499;-0.12820288
237.46364867;23.635965449;-0.0456253759;-0.0745575446;-0.0991039499;-0.129189056
237.94365604;23.736115932;-0.046617232;-0.0764941042;-0.0991039499;-0.130175232
238.46366404;23.836266415;-0.046617232;-0.077462384;-0.1011060499;-0.130175232
238.94367141;23.936416898;-0.047609088;-0.0784306638;-0.1011060499;-0.131161408
239.4636794;24.136717864;-0.048600944;-0.0813355031;-0.0991039499;-0.131161408
239.94368678;24.236868347;-0.050584656;-0.0813355031;-0.0991039499;-0.131161408
240.44369446;24.33701883;-0.050584656;-0.082303783;-0.1001049999;-0.132147584
240.94370215;24.437169313;-0.051576512;-0.0842403426;-0.0991039499;-0.132147584
241.44370983;24.537319796;-0.052568368;-0.0852086224;-0.0991039499;-0.13313376
241.96371782;24.637470279;-0.0545520799;-0.0881134618;-0.1001049999;-0.134119936
242.4437252;24.637470279;-0.0545520799;-0.0881134618;-0.0991039499;-0.134119936
242.96373319;24.837771246;-0.056535792;-0.0890817416;-0.0991039499;-0.134119936
243.44374057;24.937921729;-0.056535792;-0.0890817416;-0.0981029;-0.135106112
243.96374856;25.038072212;-0.0575276479;-0.0910183011;-0.0991039499;-0.136092288
244.44375593;25.238373178;-0.058519504;-0.0929548608;-0.0991039499;-0.13806464
244.94376362;25.338523661;-0.05951136;-0.0939231406;-0.1001049999;-0.139050816
245.4437713;25.538824627;-0.05951136;-0.0948914204;-0.0991039499;-0.139050816
245.94377899;25.739125593;-0.0605032159;-0.09682798;-0.0991039499;-0.140036992
246.44378667;25.739125593;-0.0614950719;-0.0987645396;-0.1001049999;-0.141023168
246.94379435;25.839276076;-0.0614950719;-0.0997328194;-0.1001049999;-0.142009344
247.44380204;26.039577042;-0.062486928;-0.1007010992;-0.1001049999;-0.142009344
247.94380972;26.139727525;-0.063478784;-0.1016693789;-0.1011060499;-0.14299552
248.46381771;26.239878008;-0.0644706399;-0.1036059386;-0.1011060499;-0.143981696
248.94382509;26.340028491;-0.065462496;-0.1045742184;-0.1011060499;-0.143981696
249.46383308;26.440178974;-0.065462496;-0.1055424982;-0.1011060499;-0.144967872
249.94384046;26.64047994;-0.066454352;-0.106510778;-0.1011060499;-0.146940224
250.46384845;26.840780907;-0.068438064;-0.1103838972;-0.1031081499;-0.146940224
250.94385583;27.041081873;-0.068438064;-0.1103838972;-0.1041091999;-0.148912576
251.44386351;26.94093139;-0.06942992;-0.1123204567;-0.1011060499;-0.148912576
251.94387119;27.141232356;-0.06942992;-0.1142570163;-0.1021070999;-0.149898752
252.44387888;27.341533322;-0.071413632;-0.1152252962;-0.1031081499;-0.150884928
252.94388656;27.441683805;-0.071413632;-0.1171618558;-0.1011060499;-0.15285728
253.44389424;27.742135254;-0.0733973439;-0.121034975;-0.1011060499;-0.15285728
253.94390193;27.94243622;-0.0733973439;-0.1220032547;-0.1021070999;-0.155815808
254.44390961;28.142737186;-0.075381056;-0.1287812134;-0.1011060499;-0.155815808
254.9439173;28.443188635;-0.077364768;-0.1336226124;-0.1011060499;-0.156801984
255.44392498;28.743640085;-0.0793484799;-0.1374957316;-0.1001049999;-0.158774336
255.94393266;28.943941051;-0.081332192;-0.140400571;-0.1011060499;-0.160746688
256.44394035;29.144242017;-0.082324048;-0.1423371306;-0.1021070999;-0.16271904
256.96394834;29.2443925;-0.0833159039;-0.1462102498;-0.1041091999;-0.163705216
257.44395572;29.544843949;-0.086291472;-0.1510516488;-0.1011060499;-0.165677568
257.96396371;29.644994432;-0.088275184;-0.1558930478;-0.1011060499;-0.16764992
258.44397108;29.945445881;-0.090258896;-0.1607344468;-0.1021070999;-0.169622272
258.94397877;30.045596364;-0.091250752;-0.1636392862;-0.1021070999;-0.170608448
259.44398645;30.446198296;-0.09422632;-0.1684806852;-0.1031081499;-0.173566976
259.94399414;30.646499262;-0.09422632;-0.1704172448;-0.1071123499;-0.178497856
260.44400182;30.846800229;-0.0952181759;-0.1752586437;-0.1081133999;-0.181456384
260.9440095;31.047101195;-0.097201888;-0.1801000428;-0.1051102499;-0.185401088
261.44401719;31.247402161;-0.0981937439;-0.1849414418;-0.1071123499;-0.190331968
261.94402487;31.447703127;-0.0991856;-0.1868780014;-0.1081133999;-0.193290496
262.46403286;31.748154576;-0.101169312;-0.1926876802;-0.10911445;-0.1972352
262.94404024;31.848305059;-0.101169312;-0.1975290792;-0.1121175999;-0.201179904
263.46404823;32.148756508;-0.103153024;-0.203338758;-0.1131186499;-0.20709696
263.94405561;32.349057474;-0.10414488;-0.2091484368;-0.1161217999;-0.21202784
264.4640636;32.54935844;-0.106128592;-0.2149581156;-0.1131186499;-0.21695872
264.94407097;32.749659406;-0.108112304;-0.2217360742;-0.1151207499;-0.2218896
265.46407897;32.84980989;-0.110096016;-0.227545753;-0.1151207499;-0.227806656
265.94408634;33.150261339;-0.112079728;-0.2352919914;-0.1151207499;-0.232737536
266.44409403;33.350562305;-0.112079728;-0.2411016702;-0.1211270499;-0.240626944
266.94410171;33.550863271;-0.1140634399;-0.246911349;-0.1201259999;-0.247530176
267.44410939;33.751164237;-0.115055296;-0.2536893076;-0.1221280999;-0.255419584
267.94411708;33.951465203;-0.118030864;-0.261435546;-0.1241301999;-0.26133664
268.44412476;34.151766169;-0.11902272;-0.2653086652;-0.1261322999;-0.268239872
268.94413244;34.352067135;-0.120014576;-0.271118344;-0.1281343999;-0.27612928
269.44414013;34.552368101;-0.121998288;-0.2798328621;-0.1331396499;-0.283032512
269.96414812;34.752669068;-0.1229901439;-0.2866108208;-0.1341406999;-0.29092192
270.4441555;34.952970034;-0.124973856;-0.2924204995;-0.1401469999;-0.299797504
270.96416349;35.153271;-0.125965712;-0.2972618986;-0.1401469999;-0.307686912
271.44417086;35.253421483;-0.1279494239;-0.3040398572;-0.1481553999;-0.316562496
271.96417886;35.553872932;-0.12894128;-0.309849536;-0.1541616999;-0.328396608
272.44418623;35.654023415;-0.130924992;-0.3166274946;-0.1581658999;-0.341216896
272.96419422;35.854324381;-0.13390056;-0.3253420127;-0.1621701;-0.351078656
273.4442016;36.054625347;-0.137867984;-0.3350248108;-0.1651732499;-0.360940416
273.94420928;36.054625347;-0.1398516959;-0.3437393289;-0.1711795499;-0.369816
274.44421697;36.355076796;-0.142827264;-0.3543904067;-0.1741826999;-0.383622464
274.94422465;36.455227279;-0.145802832;-0.3640732047;-0.1791879499;-0.396442752
275.44423234;36.555377762;-0.147786544;-0.372787723;-0.1841931999;-0.40926304
275.94424002;36.755678729;-0.150762112;-0.3844070806;-0.1891984499;-0.421097152
276.46424801;36.955979695;-0.15373768;-0.3940898786;-0.1942036999;-0.434903616
276.94425539;37.056130178;-0.157705104;-0.4037726766;-0.20021;-0.445751552
277.46426338;37.056130178;-0.159688816;-0.411518915;-0.2052152499;-0.456599488
277.94427075;37.256431144;-0.164648096;-0.4270113918;-0.2092194499;-0.466461248
278.46427875;37.45673211;-0.1735747999;-0.4395990292;-0.2142246999;-0.474350656
278.94428612;37.657033076;-0.180517792;-0.4521866666;-0.2172278499;-0.48322624
279.46429411;37.757183559;-0.187460784;-0.4628377444;-0.2222330999;-0.492101824
279.94430149;37.957484525;-0.191428208;-0.469615703;-0.2312425499;-0.504922112
280.44430917;38.057635008;-0.195395632;-0.4773619414;-0.2422540999;-0.518728576
280.94431686;38.157785491;-0.1993630559;-0.4831716202;-0.25326565;-0.53253504
281.44432454;38.257935974;-0.202338624;-0.4880130192;-0.2602729999;-0.5423968
281.94433223;38.558387423;-0.2082897599;-0.4947909778;-0.2682813999;-0.550286208
282.44433991;38.658537906;-0.21324904;-0.5006006566;-0.2732866499;-0.560147968
282.94434759;38.858838873;-0.2182083199;-0.5064103354;-0.2822960999;-0.569023552
283.44435528;39.059139839;-0.222175744;-0.513188294;-0.2893034499;-0.578885312
283.96436327;39.159290322;-0.22812688;-0.5189979728;-0.2973118499;-0.587760896
284.44437064;39.259440805;-0.232094304;-0.5267442111;-0.3053202499;-0.59663648
284.96437864;39.459741771;-0.23308616;-0.5344904495;-0.3123276;-0.605512064
285.44438601;39.459741771;-0.236061728;-0.5393318486;-0.3193349499;-0.614387648
285.964394;39.660042737;-0.240029152;-0.5470780869;-0.3263422999;-0.623263232
286.44440138;39.860343703;-0.245980288;-0.5538560456;-0.3323485999;-0.63115264
286.96440937;39.960494186;-0.2519314239;-0.5606340042;-0.3373538499;-0.640028224
287.44441675;40.160795152;-0.256890704;-0.566443683;-0.3463632999;-0.648903808
287.96442474;40.260945635;-0.261849984;-0.5732216416;-0.3543716999;-0.658765568
288.44443212;40.461246601;-0.268792976;-0.58096788;-0.3613790499;-0.6656688
288.9444398;40.461246601;-0.27771968;-0.590650678;-0.3653832499;-0.67059968
289.44444748;40.76169805;-0.28763824;-0.600333476;-0.3713895499;-0.677502912
289.94445517;40.861848534;-0.296564944;-0.6071114346;-0.3783968999;-0.681447616
290.44446285;40.961999017;-0.304499792;-0.6129211134;-0.3864052999;-0.689337024
290.94447054;41.0621495;-0.316402064;-0.619699072;-0.3974168499;-0.69525408
291.46447853;41.262450466;-0.331279904;-0.6313184295;-0.4054252499;-0.702157312
291.9444859;41.462751432;-0.33723104;-0.6351915488;-0.4154357499;-0.71004672
292.46449389;41.562901915;-0.35210888;-0.6448743468;-0.42544625;-0.713991424
292.94450127;41.663052398;-0.3610355839;-0.6506840256;-0.4374588499;-0.722867008
293.46450926;41.863353364;-0.36698672;-0.6574619842;-0.4444662;-0.732728768
293.94451664;41.963503847;-0.3729378559;-0.6642399428;-0.4534756499;-0.742590528
294.44452432;42.06365433;-0.377897136;-0.668113062;-0.4614840499;-0.748507584
294.94453201;42.263955296;-0.3838482719;-0.672954461;-0.4704934999;-0.757383168
295.44453969;42.564406745;-0.3888075519;-0.67779586;-0.4795029499;-0.763300224
295.94454737;42.564406745;-0.3947586879;-0.6836055388;-0.4865103;-0.770203456
296.44455506;42.764707712;-0.3997179679;-0.687478658;-0.4945186999;-0.778092864
297.04456428;42.965008678;-0.405669104;-0.6942566166;-0.5035281499;-0.785982272
297.62457319;43.265460127;-0.41162024;-0.7010345752;-0.5145396999;-0.795844032
298.24458272;43.465761093;-0.419555088;-0.7078125338;-0.5205459999;-0.802747264
298.68458948;43.465761093;-0.427489936;-0.7155587722;-0.5255512499;-0.807678144
299.14459655;43.666062059;-0.433441072;-0.7204001712;-0.5325585999;-0.815567552
299.60460362;43.766212542;-0.4403840639;-0.72620985;-0.5395659499;-0.82345696
300.06461069;43.966513508;-0.445343344;-0.7329878085;-0.5495764499;-0.831346368
300.52461776;44.066663991;-0.4512944799;-0.7397657672;-0.5555827499;-0.840221952
300.98462483;44.266964957;-0.45625376;-0.745575446;-0.5635911499;-0.84811136
301.4446319;44.467265923;-0.460221184;-0.7513851248;-0.5695974499;-0.856986944
301.94463958;44.667566889;-0.46617232;-0.7581630834;-0.57760585;-0.865862528
302.46464757;44.667566889;-0.470139744;-0.7620362026;-0.5866153;-0.874738112
302.94465495;44.867867856;-0.47609088;-0.7707507208;-0.5926215999;-0.88262752
303.46466294;45.168319305;-0.482042016;-0.7804335188;-0.5996289499;-0.891503104
303.94467032;45.368620271;-0.487001296;-0.7881797572;-0.6046341999;-0.899392512
304.46467831;45.468770754;-0.492952432;-0.793989436;-0.6106404999;-0.906295744
304.94468568;45.66907172;-0.498903568;-0.8007673946;-0.61564575;-0.911226624
305.44469337;45.869372686;-0.504854704;-0.8065770734;-0.6226530999;-0.918129856
305.94470105;46.069673652;-0.51080584;-0.8114184724;-0.6306614999;-0.925033088
306.44470874;46.069673652;-0.516756976;-0.8172281511;-0.6336646499;-0.927991616
306.94471642;46.269974618;-0.522708112;-0.8220695502;-0.6366677999;-0.933908672
307.4447241;46.470275584;-0.52568368;-0.8259426694;-0.6446761999;-0.940811904
307.94473179;46.67057655;-0.529651104;-0.8298157885;-0.6506824999;-0.947715136
308.44473947;46.870877517;-0.534610384;-0.8336889078;-0.6576898499;-0.955604544
308.96474746;47.071178483;-0.539569664;-0.8394985866;-0.6666993;-0.962507776
309.44475484;47.171328966;-0.543537088;-0.8443399856;-0.6737066499;-0.969411008
309.96476283;47.371629932;-0.548496368;-0.847244825;-0.6787118999;-0.977300416
310.44477021;47.471780415;-0.552463792;-0.8511179442;-0.6847181999;-0.982231296
310.94477789;47.672081381;-0.5574230719;-0.8559593432;-0.6927265999;-0.989134528
311.44478557;47.872382347;-0.563374208;-0.8608007421;-0.6977318499;-0.99603776
311.94479326;48.072683313;-0.567341632;-0.866610421;-0.7037381499;-1.001954816
312.42480063;48.272984279;-0.573292768;-0.87145182;-0.7117465499;-1.008858048
312.94480863;48.473285245;-0.578252048;-0.876293219;-0.7187538999;-1.01576128
313.44481631;48.673586211;-0.583211328;-0.8811346179;-0.7267622999;-1.021678336
313.94482399;48.773736694;-0.586186896;-0.8869442968;-0.7297654499;-1.027595392
314.44483168;48.974037661;-0.592138032;-0.8917856957;-0.7367728;-1.033512448
314.94483936;49.174338627;-0.597097312;-0.8966270948;-0.7417780499;-1.04041568
315.44484705;49.374639593;-0.602056592;-0.9034050534;-0.74978645;-1.046332736
315.94485473;49.474790076;-0.608999584;-0.9092147322;-0.7557927499;-1.052249792
316.46486272;49.675091042;-0.61495072;-0.915024411;-0.7628000999;-1.058166848
316.9448701;49.875392008;-0.620901856;-0.9208340898;-0.7688064;-1.064083904
317.46487809;49.975542491;-0.625861136;-0.9256754888;-0.7748126999;-1.069014784
317.94488546;50.175843457;-0.632804128;-0.9305168878;-0.77981795;-1.07493184
318.46489346;50.376144423;-0.63974712;-0.9382631262;-0.7868252999;-1.080848896
318.94490083;50.476294906;-0.646690112;-0.944072805;-0.7918305499;-1.085779776
319.46490882;50.676595873;-0.653633104;-0.9518190434;-0.7968357999;-1.090710656
319.9449162;50.876896839;-0.6605760959;-0.958597002;-0.8028420999;-1.095641536
320.44492388;50.977047322;-0.667519088;-0.9653749605;-0.8098494499;-1.100572416
320.94493157;50.977047322;-0.676445792;-0.9769943182;-0.8068462999;-1.102544768
321.44493925;51.077197805;-0.692315488;-0.987645396;-0.8158557499;-1.106489472
321.94494694;51.377649254;-0.6982666239;-0.9934550748;-0.8228630999;-1.113392704
322.44495462;51.57795022;-0.7042177599;-1.0002330334;-0.82987045;-1.121282112
322.9449623;51.778251186;-0.710168896;-1.0060427122;-0.8328735999;-1.127199168
323.44496999;51.978552152;-0.7151281759;-1.011852391;-0.8388798999;-1.1341024
323.94497767;52.178853118;-0.721079312;-1.0176620698;-0.8478893499;-1.141005632
324.44498536;52.279003601;-0.728022304;-1.0234717486;-0.8518935499;-1.144950336
324.96499335;52.479304567;-0.7339734399;-1.0302497072;-0.8568987999;-1.151853568
325.44500072;52.679605534;-0.73893272;-1.0350911062;-0.8659082499;-1.1587568
325.96500871;52.679605534;-0.742900144;-1.0389642254;-0.8669092999;-1.16368768
326.44501609;52.980056983;-0.74885128;-1.0447739042;-0.8759187499;-1.170590912
326.96502408;53.180357949;-0.75381056;-1.0515518628;-0.8789219;-1.176507968
327.44503146;53.380658915;-0.7587698399;-1.055424982;-0.8849281999;-1.1834112
327.96503945;53.580959881;-0.76372912;-1.0622029406;-0.8909344999;-1.18834208
328.44504683;53.681110364;-0.7686884;-1.0680126194;-0.8969407999;-1.194259136
328.96505482;53.88141133;-0.774639536;-1.0738222982;-0.9029470999;-1.202148544
329.44506219;53.981561813;-0.779598816;-1.0786636972;-0.9089533999;-1.207079424
329.96507019;54.282013262;-0.784558096;-1.084473376;-0.9159607499;-1.213982656
330.44507756;54.282013262;-0.7885255199;-1.0883464952;-0.9189639;-1.219899712
330.96508555;54.482314228;-0.792492944;-1.0922196144;-0.9259712499;-1.22778912
331.44509293;54.682615194;-0.796460368;-1.0970610134;-0.9329785999;-1.233706176
331.96510092;54.983066644;-0.802411504;-1.1019024124;-0.9389848999;-1.240609408
332.4451083;55.18336761;-0.8073707839;-1.1067438114;-0.9479943499;-1.24751264
332.96511629;55.283518093;-0.81332192;-1.11352177;-0.9550016999;-1.253429696
333.44512366;55.483819059;-0.8182812;-1.1202997286;-0.9600069499;-1.260332928
333.96513166;55.684120025;-0.82324048;-1.1251411276;-0.9650121999;-1.266249984
334.44513903;55.784270508;-0.82819976;-1.1299825266;-0.9710184999;-1.27216704
334.96514702;55.984571474;-0.8321671839;-1.1348239256;-0.9760237499;-1.278084096
335.4451544;56.18487244;-0.83811832;-1.1396653246;-0.9840321499;-1.284987328
335.96516239;56.385173406;-0.8430776;-1.1454750034;-0.9910395;-1.29189056
336.44516977;56.585474372;-0.849028736;-1.1512846822;-0.9950436999;-1.298793792
336.96517776;56.785775339;-0.854979872;-1.157094361;-1.00205105;-1.304710848
337.44518514;56.986076305;-0.860931008;-1.1638723196;-1.00805735;-1.310627904
337.96519313;57.086226788;-0.865890288;-1.1687137186;-1.01606575;-1.318517312
338.4452005;57.286527754;-0.870849568;-1.1754916772;-1.0230731;-1.324434368
338.9652085;57.386678237;-0.875808848;-1.1793647964;-1.0290794;-1.329365248
339.44521587;57.48682872;-0.881759984;-1.1842061954;-1.03408465;-1.334296128
339.94522356;57.386678237;-0.87779256;-1.1900158742;-1.0450962;-1.339227008
340.44523124;57.687129686;-0.881759984;-1.1948572732;-1.05210355;-1.345144064
340.94523892;57.787280169;-0.884735552;-1.1948572732;-1.0571088;-1.352047296
341.44524661;58.087731618;-0.888702976;-1.1987303924;-1.0631151;-1.357964352
341.94525429;58.288032584;-0.894654112;-1.2035717914;-1.07012245;-1.363881408
342.46526228;58.48833355;-0.903580816;-1.2122863096;-1.07412665;-1.367826112
342.94526966;58.688634517;-0.911515664;-1.2190642682;-1.08013295;-1.373743168
343.46527765;58.788785;-0.9174668;-1.224873947;-1.08613925;-1.379660224
343.94528503;58.989085966;-0.92242608;-1.2306836258;-1.09214555;-1.386563456
344.46529302;59.289537415;-0.928377216;-1.2374615844;-1.09815185;-1.393466688
344.94530039;59.389687898;-0.933336496;-1.2423029834;-1.1051592;-1.399383744
345.44530808;59.690139347;-0.938295776;-1.2461761026;-1.1111655;-1.4053008
345.94531576;59.690139347;-0.9422632;-1.2500492218;-1.1171718;-1.409245504
346.44532345;59.890440313;-0.94722248;-1.2548906208;-1.1231781;-1.416148736
346.94533113;60.190891762;-0.953173616;-1.2597320198;-1.1291844;-1.423051968
347.44533881;60.291042245;-0.958132896;-1.2645734188;-1.13619175;-1.428969024
347.9653468;60.491343211;-0.963092176;-1.2713513774;-1.1452012;-1.438830784
348.44535418;60.691644178;-0.970035168;-1.2790976158;-1.1532096;-1.446720192
348.96536217;60.891945144;-0.97697816;-1.2839390148;-1.16021695;-1.453623424
349.44536955;61.09224611;-0.982929296;-1.2887804138;-1.16822535;-1.458554304
349.94537723;61.292547076;-0.988880432;-1.2945900926;-1.17222955;-1.46447136
350.44538492;61.392697559;-0.993839712;-1.297494932;-1.1772348;-1.468416064
350.9453926;61.492848042;-0.997807136;-1.3013680512;-1.181239;-1.473346944
351.44540028;61.793299491;-1.003758272;-1.3081460098;-1.1912495;-1.479264
351.94540797;61.893449974;-1.008717552;-1.3139556886;-1.19225055;-1.485181056
352.46541596;62.09375094;-1.014668688;-1.3187970876;-1.20025895;-1.490111936
352.94542334;62.394202389;-1.02161168;-1.3246067664;-1.2052642;-1.496028992
353.46543133;62.494352872;-1.027562816;-1.3304164452;-1.21227155;-1.501946048
353.9454387;62.794804322;-1.033513952;-1.3352578442;-1.21827785;-1.50884928
354.44544639;62.995105288;-1.039465088;-1.341067523;-1.2252852;-1.514766336
354.94545407;63.095255771;-1.043432512;-1.345908922;-1.2312915;-1.519697216
355.44546176;63.195406254;-1.047399936;-1.3497820412;-1.2352957;-1.52364192
355.94546944;63.39570722;-1.053351072;-1.35559172;-1.241302;-1.530545152
356.44547712;63.596008186;-1.058310352;-1.3614013988;-1.24630725;-1.535476032
356.94548481;63.696158669;-1.063269632;-1.365274518;-1.25431565;-1.540406912
357.44549249;63.996610118;-1.069220768;-1.3720524766;-1.2593209;-1.546323968
357.96550048;64.196911084;-1.075171904;-1.3778621554;-1.2653272;-1.552241024
358.44550786;64.39721205;-1.080131184;-1.3836718342;-1.2713335;-1.559144256
358.96551585;64.597513016;-1.08608232;-1.3904497928;-1.2773398;-1.565061312
359.44552323;64.797813983;-1.092033456;-1.394322912;-1.28434715;-1.570978368
359.94553091;64.797813983;-1.095009024;-1.3981960312;-1.28835135;-1.574923072
360.44553859;64.998114949;-1.099968304;-1.4030374302;-1.2933566;-1.580840128
360.94554628;65.298566398;-1.106911296;-1.4098153888;-1.30036395;-1.586757184
361.46555427;65.398716881;-1.111870576;-1.4146567878;-1.30637025;-1.59267424
361.94556165;65.69916833;-1.117821712;-1.4214347464;-1.3133776;-1.598591296
362.46556964;65.899469296;-1.124764704;-1.4272444252;-1.32038495;-1.604508352
362.94557701;66.099770262;-1.13071584;-1.433054104;-1.3273923;-1.611411584
363.4455847;66.300071228;-1.136666976;-1.437895503;-1.3333986;-1.61732864
363.94559238;66.500372194;-1.14559368;-1.447578301;-1.34040595;-1.623245696
364.44560007;66.600522677;-1.158487808;-1.4562928192;-1.34841435;-1.628176576
364.94560775;66.500372194;-1.164438944;-1.462102498;-1.35241855;-1.631135104
365.44561543;66.800823643;-1.171381936;-1.4679121768;-1.35842485;-1.636065984
365.96562342;67.00112461;-1.177333072;-1.4746901354;-1.3654322;-1.642969216
366.4456308;67.301576059;-1.184276064;-1.481468094;-1.3714385;-1.648886272
366.96563879;67.401726542;-1.191219056;-1.486309493;-1.37644375;-1.652830976
367.44564617;67.602027508;-1.197170192;-1.4921191718;-1.381449;-1.658748032
367.94565385;67.802328474;-1.203121328;-1.4979288506;-1.3874553;-1.665651264
368.44566154;68.00262944;-1.209072464;-1.5047068092;-1.39446265;-1.67156832
368.94566922;68.202930406;-1.2150236;-1.510516488;-1.40046895;-1.677485376
369.46567721;68.403231372;-1.221966592;-1.5163261668;-1.4074763;-1.683402432
369.94568459;68.503381855;-1.227917728;-1.5221358456;-1.41248155;-1.688333312
370.46569258;68.503381855;-1.233868864;-1.5240724052;-1.4194889;-1.693264192
370.94569996;68.803833304;-1.23982;-1.5308503638;-1.42449415;-1.699181248
371.46570795;69.004134271;-1.246762992;-1.5385966022;-1.4315015;-1.70608448
371.94571532;69.204435237;-1.252714128;-1.5453745608;-1.43650675;-1.71101536
372.44572301;69.404736203;-1.25965712;-1.5521525194;-1.441512;-1.716932416
372.94573069;69.605037169;-1.266600112;-1.5598987578;-1.4475183;-1.722849472
373.44573838;69.805338135;-1.27453496;-1.568613276;-1.45252355;-1.728766528
373.94574606;70.105789584;-1.281477952;-1.5744229548;-1.46053195;-1.736655936
374.44575374;70.30609055;-1.288420944;-1.5821691932;-1.4675393;-1.741586816
374.94576143;70.205940067;-1.292388368;-1.5850740326;-1.47054245;-1.74553152
375.44576911;70.406241033;-1.297347648;-1.5899154316;-1.4755477;-1.749476224
375.9657771;70.706692482;-1.30429064;-1.5966933902;-1.48455715;-1.756379456
376.44578448;70.906993449;-1.310241776;-1.6034713488;-1.48856135;-1.762296512
376.96579247;71.107294415;-1.317184768;-1.6102493074;-1.49456765;-1.768213568
377.44579985;71.207444898;-1.322144048;-1.6141224266;-1.49857185;-1.773144448
377.96580784;71.507896347;-1.328095184;-1.621868665;-1.50457815;-1.778075328
378.44581521;71.708197313;-1.33404632;-1.6276783438;-1.5115855;-1.783992384
378.9458229;71.908498279;-1.340989312;-1.6354245822;-1.5155897;-1.78990944
379.44583058;72.208949728;-1.346940448;-1.641234261;-1.521596;-1.79484032
379.94583827;72.008648762;-1.347932304;-1.6422025408;-1.5235981;-1.796812672
380.44584595;72.309100211;-1.354875296;-1.6489804994;-1.5276023;-1.801743552
380.94585363;72.60955166;-1.360826432;-1.6547901782;-1.53460965;-1.807660608
381.44586132;72.809852626;-1.367769424;-1.6615681368;-1.54061595;-1.81456384
381.945869;72.91000311;-1.37372056;-1.6683460954;-1.5456212;-1.81949472
382.46587699;73.210454559;-1.37867984;-1.6741557742;-1.55062645;-1.8244256
382.94588437;73.310605042;-1.384630976;-1.679965453;-1.5556317;-1.82935648
383.46589236;73.510906008;-1.390582112;-1.6857751318;-1.5656422;-1.835273536
383.94589974;73.711206974;-1.397525104;-1.6925530904;-1.5676443;-1.840204416
384.46590773;74.011658423;-1.40347624;-1.6983627692;-1.57264955;-1.846121472
384.9459151;73.811357457;-1.405459952;-1.7002993288;-1.5756527;-1.848093824
385.44592279;74.011658423;-1.411411088;-1.7070772874;-1.57865585;-1.852038528
385.94593047;74.312109872;-1.417362224;-1.7128869662;-1.58466215;-1.857955584
386.44593816;74.612561321;-1.42331336;-1.7196649248;-1.5896674;-1.86387264
386.94594584;74.812862288;-1.431248208;-1.7264428834;-1.5956737;-1.869789696
387.44595352;75.013163254;-1.437199344;-1.7322525622;-1.60067895;-1.874720576
387.96596152;75.113313737;-1.44315048;-1.7390305208;-1.60468315;-1.87866528
388.44596889;75.313614703;-1.449101616;-1.7448401996;-1.61068945;-1.88359616
388.96597688;75.513915669;-1.455052752;-1.7516181582;-1.61469365;-1.889513216
389.44598426;75.714216635;-1.461995744;-1.7583961168;-1.62069995;-1.895430272
389.96599225;75.614066152;-1.463979456;-1.7593643966;-1.62270205;-1.897402624
390.44599963;75.914517601;-1.469930592;-1.7661423552;-1.62870835;-1.902333504
390.96600762;76.114818567;-1.476873584;-1.7738885936;-1.6337136;-1.909236736
391.44601499;76.315119533;-1.48282472;-1.7806665522;-1.63871885;-1.914167616
391.96602299;76.515420499;-1.488775856;-1.7884127906;-1.64472515;-1.921070848
392.44603036;76.815871948;-1.494726992;-1.7951907492;-1.65073145;-1.926987904
392.94603805;76.916022431;-1.500678128;-1.801000428;-1.65873985;-1.934877312
393.44604573;77.016172915;-1.506629264;-1.805841827;-1.6637451;-1.940794368
393.94605341;77.216473881;-1.513572256;-1.8116515058;-1.6717535;-1.945725248
394.4460611;77.51692533;-1.520515248;-1.8184294644;-1.67675875;-1.950656128
394.94606878;77.617075813;-1.526466384;-1.825207423;-1.681764;-1.955587008
395.44607647;77.617075813;-1.529441952;-1.8290805422;-1.68476715;-1.959531712
395.94608415;77.817376779;-1.534401232;-1.8339219412;-1.6897724;-1.96249024
396.44609183;77.917527262;-1.540352368;-1.8387633402;-1.69277555;-1.96742112
396.94609952;78.217978711;-1.54729536;-1.8455412988;-1.69878185;-1.972352
397.4461072;78.51843016;-1.553246496;-1.8523192574;-1.7057892;-1.978269056
397.94611489;78.618580643;-1.560189488;-1.8571606564;-1.71079445;-1.98221376
398.44612257;78.818881609;-1.566140624;-1.8620020554;-1.71680075;-1.98714464
398.94613025;79.019182576;-1.57209176;-1.868780014;-1.721806;-1.99207552
399.44613794;79.219483542;-1.579034752;-1.8755579726;-1.7278123;-1.997992576
399.94614562;79.419784508;-1.585977744;-1.883304211;-1.73081545;-2.00193728
400.46615361;79.419784508;-1.587961456;-1.8842724908;-1.7318165;-2.003909632
400.94616099;79.720235957;-1.593912592;-1.8910504494;-1.73682175;-2.008840512
401.46616898;79.920536923;-1.600855584;-1.8968601282;-1.74282805;-2.013771392
401.94617636;79.82038644;-1.604823008;-1.8997649676;-1.74683225;-2.015743744
402.46618435;80.120837889;-1.611766;-1.9065429262;-1.75283855;-2.0216608
402.94619172;80.421289338;-1.618708992;-1.9142891646;-1.7578438;-2.02659168
403.46619972;80.721740788;-1.625651984;-1.9210671232;-1.76485115;-2.032508736
403.94620709;80.922041754;-1.632594976;-1.9278450818;-1.77285955;-2.037439616
404.44621478;81.022192237;-1.639537968;-1.9346230404;-1.7778648;-2.04138432
404.94622246;81.222493203;-1.648464672;-1.941400999;-1.78287005;-2.045329024
405.44623014;81.222493203;-1.65639952;-1.9452741182;-1.78287005;-2.048287552
405.96623813;81.522944652;-1.665326224;-1.9520520768;-1.7898774;-2.053218432
406.44624551;81.623095135;-1.67127736;-1.955925196;-1.7918795;-2.057163136
406.9662535;81.823396101;-1.679212208;-1.9627031546;-1.79888685;-2.062094016
407.44626088;82.12384755;-1.6861552;-1.970449393;-1.8038921;-2.067024896
407.94626856;82.023697067;-1.69111448;-1.9733542324;-1.8078963;-2.068997248
408.44627625;82.324148516;-1.698057472;-1.980132191;-1.8139026;-2.073928128
408.94628393;82.424298999;-1.705000464;-1.9859418698;-1.8199089;-2.077872832
409.46629192;82.724750448;-1.7109516;-1.9917515486;-1.821911;-2.081817536
409.9462993;82.925051414;-1.717894592;-1.9985295072;-1.8279173;-2.087734592
410.46630729;83.125352381;-1.72582944;-2.0053074658;-1.8339236;-2.092665472
410.94631467;83.325653347;-1.732772432;-2.0120854244;-1.8399299;-2.098582528
411.46632266;83.325653347;-1.736739856;-2.0169268234;-1.84293305;-2.10055488
411.94633003;83.525954313;-1.742690992;-2.0207999426;-1.8459362;-2.104499584
412.44633772;83.826405762;-1.748642128;-2.0266096214;-1.8519425;-2.108444288
412.9463454;83.926556245;-1.75558512;-2.03338758;-1.85694775;-2.114361344
413.44635309;84.227007694;-1.762528112;-2.0401655386;-1.86295405;-2.119292224
413.96636108;84.026706728;-1.76550368;-2.0421020982;-1.8659572;-2.1202784
414.44636845;84.327158177;-1.772446672;-2.047911777;-1.87096245;-2.124223104
414.96637644;84.627609626;-1.779389664;-2.0556580154;-1.87897085;-2.129153984
415.44638382;84.827910593;-1.787324512;-2.062435974;-1.88497715;-2.134084864
415.96639181;85.028211559;-1.794267504;-2.0692139326;-1.8899824;-2.14000192
416.44639919;85.228512525;-1.80021864;-2.0750236114;-1.89298555;-2.142960448
416.94640687;85.428813491;-1.806169776;-2.0808332902;-1.8999929;-2.147891328
417.44641456;85.629114457;-1.814104624;-2.0885795286;-1.9039971;-2.151836032
417.94642224;85.629114457;-1.817080192;-2.0924526478;-1.9080013;-2.15479456
418.44642992;85.829415423;-1.824023184;-2.0982623266;-1.9120055;-2.15972544
418.94643761;86.029716389;-1.82997432;-2.1031037256;-1.9180118;-2.16465632
419.4664456;86.230017355;-1.835925456;-2.1089134044;-1.92301705;-2.168601024
419.94645298;86.129866872;-1.83989288;-2.110849964;-1.9260202;-2.1695872
420.46646097;86.430318321;-1.846835872;-2.1166596428;-1.93102545;-2.173531904
420.94646834;86.530468804;-1.851795152;-2.1224693216;-1.93502965;-2.176490432
421.46647633;86.730769771;-1.856754432;-2.1273107206;-1.9380328;-2.178462784
421.94648371;86.830920253;-1.863697424;-2.1331203994;-1.942037;-2.183393664
422.4464914;87.131371703;-1.871632272;-2.1389300782;-1.9480433;-2.188324544
422.94649908;87.331672669;-1.878575264;-2.144739757;-1.95104645;-2.191283072
423.44650676;87.331672669;-1.883534544;-2.1515177156;-1.95505065;-2.1942416
423.94651445;87.632124118;-1.891469392;-2.159263954;-1.96105695;-2.19917248
424.44652213;87.832425084;-1.897420528;-2.1631370732;-1.9660622;-2.20410336
424.96653012;87.932575567;-1.903371664;-2.1699150318;-1.96906535;-2.207061888
425.4465375;88.132876533;-1.910314656;-2.1766929904;-1.9740706;-2.211006592
425.96654549;88.433327982;-1.917257648;-2.183470949;-1.9780748;-2.215937472
426.44655287;88.333177499;-1.922216928;-2.1863757884;-1.982079;-2.216923648
426.96656086;88.633628948;-1.92915992;-2.193153747;-1.9860832;-2.220868352
427.44656823;88.934080397;-1.936102912;-2.1999317056;-1.99108845;-2.225799232
427.96657623;89.034230881;-1.94403776;-2.2057413844;-1.99709475;-2.230730112
428.4465836;89.33468233;-1.949988896;-2.2115510632;-2.0021;-2.23368864
428.96659159;89.234531847;-1.954948176;-2.217360742;-2.00510315;-2.235660992
429.44659897;89.534983296;-1.960899312;-2.2231704208;-2.0101084;-2.240591872
429.94660665;89.735284262;-1.967842304;-2.2289800996;-2.01511365;-2.244536576
430.44661434;89.935585228;-1.975777152;-2.2357580582;-2.01911785;-2.24848128
430.94662202;89.835434745;-1.97875272;-2.2396311774;-2.02111995;-2.251439808
431.4266294;90.236036677;-1.985695712;-2.2473774158;-2.0261252;-2.255384512
431.94663739;90.436337643;-1.99363056;-2.2541553744;-2.03113045;-2.260315392
432.44664507;90.636638609;-1.999581696;-2.2580284936;-2.03513465;-2.26327392
432.94665276;90.636638609;-2.004540976;-2.2638381724;-2.0401399;-2.266232448
433.44666044;90.836939576;-2.010492112;-2.2686795714;-2.0441441;-2.269190976
433.94666812;91.037240542;-2.017435104;-2.27545753;-2.0481483;-2.27313568
434.44667581;91.237541508;-2.024378096;-2.2812672088;-2.0541546;-2.27806656
434.94668349;91.537992957;-2.031321088;-2.2890134472;-2.05915985;-2.28299744
435.44669118;91.738293923;-2.039255936;-2.2957914058;-2.06516615;-2.286942144
435.94669886;91.938594889;-2.046198928;-2.3025693644;-2.0701714;-2.291873024
436.44670654;92.038745372;-2.052150064;-2.3083790432;-2.0721735;-2.293845376
436.94671423;92.239046338;-2.060084912;-2.3161252816;-2.07717875;-2.29779008
437.44672191;92.439347304;-2.067027904;-2.3229032402;-2.082184;-2.301734784
437.9467296;92.539497787;-2.071987184;-2.3267763594;-2.08518715;-2.303707136
438.44673728;92.739798753;-2.079922032;-2.3325860382;-2.0881903;-2.306665664
438.94674496;92.63964827;-2.0828976;-2.3364591574;-2.09319555;-2.30765184
439.44675265;92.739798753;-2.085873168;-2.338395717;-2.09319555;-2.308638016
439.94676033;92.940099719;-2.09281616;-2.3451736756;-2.09719975;-2.31258272
440.44676801;93.140400686;-2.100751008;-2.3538881938;-2.102205;-2.315541248
440.9467757;93.340701652;-2.107694;-2.3606661524;-2.1062092;-2.319485952
441.44678338;93.641153101;-2.115628848;-2.3684123908;-2.11121445;-2.323430656
441.94679107;93.641153101;-2.120588128;-2.37228551;-2.11321655;-2.324416832
442.44679875;93.841454067;-2.12753112;-2.3790634686;-2.1182218;-2.32737536
442.94680643;94.041755033;-2.134474112;-2.3858414272;-2.122226;-2.331320064
443.44681412;94.242055999;-2.14240896;-2.3926193858;-2.12723125;-2.335264768
443.9468218;94.442356965;-2.149351952;-2.3993973444;-2.1322365;-2.339209472
444.44682949;94.742808414;-2.1572868;-2.4071435828;-2.1382428;-2.343154176
444.94683717;94.642657931;-2.161254224;-2.4081118626;-2.14124595;-2.344140352
445.44684485;94.742808414;-2.165221648;-2.4129532616;-2.14124595;-2.345126528
445.94685254;94.943109381;-2.17216464;-2.4197312202;-2.14525015;-2.349071232
446.44686022;95.043259864;-2.178115776;-2.4245726192;-2.14725225;-2.351043584
446.94686791;95.24356083;-2.183075056;-2.4284457384;-2.1502554;-2.353015936
447.44687559;95.343711313;-2.190018048;-2.4342554172;-2.15526065;-2.35696064
447.94688327;95.544012279;-2.195969184;-2.4420016556;-2.15926485;-2.359919168
448.44689096;95.744313245;-2.202912176;-2.4478113344;-2.1642701;-2.362877696
448.94689864;95.844463728;-2.207871456;-2.4526527334;-2.16727325;-2.364850048
449.44690632;96.144915177;-2.214814448;-2.459430692;-2.1722785;-2.368794752
449.94691401;96.24506566;-2.22175744;-2.4652403708;-2.17728375;-2.372739456
450.44692169;96.445366626;-2.228700432;-2.4720183294;-2.18329005;-2.37668416
450.94692938;96.645667592;-2.235643424;-2.4778280082;-2.18729425;-2.380628864
451.44693706;96.845968559;-2.242586416;-2.4846059668;-2.19330055;-2.384573568
451.94694474;96.745818075;-2.24655384;-2.4865425264;-2.19530265;-2.384573568
452.44695243;97.046269525;-2.253496832;-2.4923522052;-2.2003079;-2.388518272
452.94696011;97.246570491;-2.260439824;-2.498161884;-2.2043121;-2.392462976
453.4469678;97.446871457;-2.267382816;-2.5049398426;-2.21131945;-2.39640768
453.94697548;97.446871457;-2.27135024;-2.507844682;-2.2103184;-2.39640768
454.44698316;97.647172423;-2.277301376;-2.5146226406;-2.2123205;-2.398380032
454.94699085;97.847473389;-2.283252512;-2.5194640396;-2.2163247;-2.402324736
455.44699853;97.947623872;-2.290195504;-2.5262419982;-2.22132995;-2.405283264
455.94700622;98.147924838;-2.297138496;-2.532051677;-2.2243331;-2.409227968
456.4470139;98.248075321;-2.30110592;-2.5359247962;-2.22533415;-2.412186496
456.94702158;98.248075321;-2.3060652;-2.5427027548;-2.22933835;-2.414158848
457.44702927;98.448376287;-2.312016336;-2.5494807134;-2.2323415;-2.418103552
457.94703695;98.648677253;-2.319951184;-2.5552903922;-2.2383478;-2.422048256
458.44704463;98.848978219;-2.326894176;-2.5620683508;-2.24335305;-2.425006784
458.94705232;98.848978219;-2.329869744;-2.5630366306;-2.2443541;-2.425006784
459.44706;98.949128703;-2.33582088;-2.5678780296;-2.24935935;-2.427965312
459.94706769;99.249580152;-2.342763872;-2.5736877084;-2.25536565;-2.43092384
460.44707537;99.449881118;-2.349706864;-2.5794973872;-2.25736775;-2.434868544
460.94708305;99.550031601;-2.356649856;-2.5862753458;-2.262373;-2.437827072
461.44709074;99.85048305;-2.364584704;-2.5930533044;-2.26537615;-2.441771776
461.94709842;99.750332567;-2.369543984;-2.5969264236;-2.2663772;-2.441771776
462.44710611;99.950633533;-2.37549512;-2.6017678226;-2.26938035;-2.443744128
462.94711379;100.05078402;-2.381446256;-2.6085457812;-2.2723835;-2.44571648
463.44712147;100.25108498;-2.388389248;-2.6133871802;-2.27538665;-2.447688832
463.94712916;100.45138595;-2.396324096;-2.6201651388;-2.2803919;-2.45064736
464.44713684;100.65168691;-2.403267088;-2.6269430974;-2.28339505;-2.452619712
464.94714452;100.65168691;-2.407234512;-2.6298479368;-2.2863982;-2.452619712
465.44715221;100.85198788;-2.41516936;-2.6366258954;-2.28940135;-2.45557824
465.94715989;101.05228885;-2.422112352;-2.6424355742;-2.29340555;-2.458536768
466.44716758;101.25258981;-2.4300472;-2.6501818126;-2.29740975;-2.46050912
466.94717526;101.15243933;-2.434014624;-2.653086652;-2.2964087;-2.459522944
467.44718294;101.3527403;-2.441949472;-2.6588963308;-2.2984108;-2.46050912
467.94719063;101.55304126;-2.44988432;-2.6666425692;-2.302415;-2.462481472
468.44719831;101.75334223;-2.457819168;-2.6734205278;-2.30541815;-2.464453824
468.947206;101.65319174;-2.461786592;-2.6753570874;-2.30341605;-2.462481472
469.44721368;101.85349271;-2.467737728;-2.6811667662;-2.30341605;-2.462481472
469.94722136;101.95364319;-2.47468072;-2.6879447248;-2.3084213;-2.464453824
470.44722905;102.15394416;-2.482615568;-2.6937544036;-2.3104234;-2.46544
470.94723673;102.35424513;-2.490550416;-2.7005323622;-2.3144276;-2.467412352
471.44724442;102.25409464;-2.49451784;-2.7034372016;-2.31542865;-2.467412352
471.9472521;102.55454609;-2.500468976;-2.7102151602;-2.3184318;-2.468398528
472.44725978;102.75484706;-2.50939568;-2.7169931188;-2.31943285;-2.47037088
472.94726747;102.95514802;-2.516338672;-2.7237710774;-2.322436;-2.471357056
473.44727515;103.15544899;-2.525265376;-2.730549036;-2.3264402;-2.472343232
473.94728283;103.25559947;-2.533200224;-2.7373269946;-2.32944335;-2.473329408
474.46729083;103.35574996;-2.540143216;-2.7441049532;-2.3304444;-2.474315584
474.9472982;103.35574996;-2.545102496;-2.7489463522;-2.3304444;-2.473329408
475.46730619;103.55605092;-2.552045488;-2.7537877512;-2.32944335;-2.473329408
475.94731357;103.45590044;-2.55898848;-2.7586291502;-2.3264402;-2.47037088
476.46732156;103.65620141;-2.565931472;-2.764438829;-2.32944335;-2.47037088
476.94732894;103.85650237;-2.572874464;-2.7702485078;-2.33144545;-2.47037088
477.46733693;103.95665285;-2.580809312;-2.7770264664;-2.33144545;-2.471357056
477.94734431;104.15695382;-2.58874416;-2.7828361452;-2.3344486;-2.471357056
478.4673523;104.15695382;-2.594695296;-2.788645824;-2.3344486;-2.47037088
478.94735967;104.35725479;-2.602630144;-2.7944555028;-2.33544965;-2.469384704
479.46736766;104.2571043;-2.606597568;-2.7963920624;-2.33344755;-2.466426176
479.94737504;104.45740527;-2.614532416;-2.8022017412;-2.3344486;-2.46544
480.46738303;104.55755575;-2.622467264;-2.8089796998;-2.33544965;-2.464453824
480.94739041;104.65770624;-2.629410256;-2.8147893786;-2.3364507;-2.463467648
481.4673984;104.8580072;-2.637345104;-2.8215673372;-2.3364507;-2.463467648
481.94740578;104.95815769;-2.645279952;-2.827377016;-2.33745175;-2.462481472
482.46741377;105.05830817;-2.6532148;-2.8341549746;-2.33745175;-2.459522944
482.94742114;104.8580072;-2.659165936;-2.8380280938;-2.33344755;-2.45557824
483.46742914;105.05830817;-2.667100784;-2.8448060524;-2.33344755;-2.453605888
483.94743651;105.15845865;-2.674043776;-2.8506157312;-2.3324465;-2.451633536
484.4674445;105.25860913;-2.681978624;-2.85642541;-2.3304444;-2.45064736
484.94745188;105.4589101;-2.689913472;-2.861266809;-2.3304444;-2.449661184
485.46745987;105.25860913;-2.696856464;-2.8670764878;-2.3264402;-2.443744128
485.94746725;105.25860913;-2.701815744;-2.8680447676;-2.3244381;-2.4407856
486.46747524;105.4589101;-2.708758736;-2.8738544464;-2.3244381;-2.439799424
486.94748262;105.55906058;-2.71768544;-2.8796641252;-2.3244381;-2.437827072
487.46749061;105.65921107;-2.725620288;-2.8845055242;-2.3244381;-2.436840896
487.94749798;105.85951203;-2.733555136;-2.890315203;-2.32543915;-2.434868544
488.46750597;105.95966252;-2.740498128;-2.895156602;-2.32343705;-2.433882368
488.94751335;105.95966252;-2.748432976;-2.899998001;-2.32343705;-2.431910016
489.46752134;106.059813;-2.755375968;-2.9058076798;-2.322436;-2.429937664
489.94752872;106.15996348;-2.76231896;-2.9106490788;-2.32143495;-2.426979136
490.46753671;106.15996348;-2.770253808;-2.914522198;-2.31943285;-2.425006784
490.94754409;106.15996348;-2.7771968;-2.9183953172;-2.3184318;-2.422048256
491.46755208;105.95966252;-2.780172368;-2.919363597;-2.31342655;-2.4161312
491.94755945;106.059813;-2.78711536;-2.9232367162;-2.3104234;-2.414158848
492.46756745;106.15996348;-2.793066496;-2.9271098354;-2.30942235;-2.41120032
492.94757482;106.059813;-2.801001344;-2.9319512344;-2.30341605;-2.402324736
493.46758281;106.059813;-2.807944336;-2.9358243536;-2.3004129;-2.399366208
493.94759019;106.059813;-2.814887328;-2.9396974728;-2.2984108;-2.394435328
494.46759818;105.85951203;-2.818854752;-2.938729193;-2.29340555;-2.388518272
494.94760556;105.85951203;-2.825797744;-2.9416340324;-2.2904024;-2.384573568
495.46761355;105.85951203;-2.83174888;-2.9455071516;-2.28739925;-2.380628864
495.94762093;105.95966252;-2.837700016;-2.9474437112;-2.2843961;-2.37668416
496.46762892;105.65921107;-2.843651152;-2.948411991;-2.2743856;-2.368794752
496.94763629;105.25860913;-2.847618576;-2.9474437112;-2.26337405;-2.360905344
497.46764428;104.95815769;-2.849602288;-2.9445388718;-2.2563667;-2.354988288
497.94765166;104.45740527;-2.850594144;-2.9396974728;-2.24735725;-2.358932992
498.46765965;103.65620141;-2.851586;-2.9319512344;-2.2323415;-2.380628864
498.94766703;0.3;-0.563374208;-0.6371281084;-19.6145737;-14.132888256
499.46767502;0.1006019322;-0.544528944;-0.6206673518;-19.43738785;-14.216713216
499.9476824;0.1006019322;-0.541553376;-0.6187307921;-19.35329965;-14.217699392
500.46769039;0.1006019322;-0.539569664;-0.6158259528;-19.6145737;-14.21572704
500.94769776;0.1006019322;-0.536594096;-0.6109845538;-19.600559;-14.216713216
501.46770576;0.1006019322;-0.53560224;-0.6109845538;-19.6085674;-14.21572704
501.94771313;0.1006019322;-0.533618528;-0.6090479942;-19.60356215;-14.217699392
502.44772082;0.1006019322;-0.532626672;-0.6080797143;-19.6105695;-14.216713216
502.9477285;0.1006019322;-0.531634816;-0.6080797143;-19.6065653;-14.21572704
503.44773618;0.1006019322;-0.53064296;-0.6071114346;-19.60956845;-14.217699392
503.94774387;0.1006019322;-0.529651104;-0.6071114346;-19.6065653;-14.216713216
504.44775155;4.51E-004;-0.528659248;-0.6071114346;-19.60756635;-14.219671744
504.94775924;0.1006019322;-0.5276673919;-0.6061431548;-19.6085674;-14.219671744
505.44776692;0.1006019322;-0.5276673919;-0.605174875;-19.6045632;-14.218685568
505.9477746;0.1006019322;-0.526675536;-0.6042065952;-19.60956845;-14.217699392
506.44778229;0.1006019322;-0.52568368;-0.6042065952;-19.60756635;-14.217699392
506.94778997;0.1006019322;-0.52568368;-0.6042065952;-19.60956845;-14.219671744
507.44779765;0.1006019322;-0.524691824;-0.605174875;-19.6105695;-14.231505856
507.94780534;4.51E-004;-0.524691824;-0.6022700356;-19.60556425;-14.21079616
508.44781302;0.1006019322;-0.524691824;-0.6013017558;-19.6105695;-14.207837632
508.94782071;0.1006019322;-0.523699968;-0.600333476;-19.6065653;-14.217699392
509.44782839;0.1006019322;-0.523699968;-0.600333476;-19.61157055;-14.21572704
509.94783607;0.1006019322;-0.522708112;-0.5993651962;-19.61157055;-14.209809984
510.44784376;0.1006019322;-0.522708112;-0.5993651962;-19.61157055;-14.20586528
510.94785144;4.51E-004;-0.522708112;-0.5993651962;-19.61157055;-14.208823808
511.44785913;0.1006019322;-0.522708112;-0.5983969163;-19.6125716;-14.207837632
511.94786681;0.1006019322;-0.5217162559;-0.5983969163;-19.6085674;-14.206851456
512.44787448;4.51E-004;-0.5217162559;-0.5983969163;-19.60956845;-14.209809984
512.96788246;0.1006019322;-0.5217162559;-0.5983969163;-19.6125716;-14.207837632
513.44788983;0.1006019322;-0.5207244;-0.5964603567;-19.61357265;-14.208823808
513.96789781;0.1006019322;-0.5207244;-0.5974286366;-19.61357265;-14.207837632
514.44790517;0.1006019322;-0.5207244;-0.5983969163;-19.6145737;-14.209809984
514.96791315;0.1006019322;-0.5207244;-0.5974286366;-19.61357265;-14.209809984
515.44792052;0.1006019322;-0.5197325439;-0.5974286366;-19.61557475;-14.209809984
515.9679285;0.1006019322;-0.5197325439;-0.5974286366;-19.61557475;-14.21079616
516.44793586;4.51E-004;-0.5197325439;-0.5974286366;-19.6145737;-14.21079616
516.96794384;0.1006019322;-0.5197325439;-0.5974286366;-19.61557475;-14.209809984
517.44795121;0.1006019322;-0.518740688;-0.5964603567;-19.6165758;-14.209809984
517.94795888;0.1006019322;-0.5197325439;-0.5964603567;-19.6145737;-14.209809984
518.44796655;0.1006019322;-0.518740688;-0.595492077;-19.6145737;-14.207837632
518.94797422;0.1006019322;-0.518740688;-0.595492077;-19.6145737;-14.208823808
519.44798189;0.1006019322;-0.518740688;-0.5964603567;-19.61357265;-14.209809984
519.94798957;0.1006019322;-0.518740688;-0.5964603567;-19.6145737;-14.209809984
520.44799724;0.1006019322;-0.517748832;-0.5964603567;-19.6145737;-14.209809984
520.94800491;0.1006019322;-0.517748832;-0.5964603567;-19.6145737;-14.209809984
521.44801258;0.1006019322;-0.517748832;-0.5964603567;-19.6145737;-14.209809984
521.94802025;0.1006019322;-0.517748832;-0.5964603567;-19.6105695;-14.209809984
522.44802793;0.1006019322;-0.516756976;-0.595492077;-19.6145737;-14.208823808
522.9480356;0.1006019322;-0.516756976;-0.5964603567;-19.6145737;-14.206851456
523.44804327;0.1006019322;-0.516756976;-0.595492077;-19.60956845;-14.209809984
523.94805094;0.1006019322;-0.516756976;-0.5945237972;-19.6125716;-14.209809984
524.44805862;0.1006019322;-0.516756976;-0.5945237972;-19.6165758;-14.208823808
524.94806629;0.1006019322;-0.516756976;-0.5945237972;-19.6165758;-14.209809984
525.44807396;0.1006019322;-0.51576512;-0.5945237972;-19.61557475;-14.209809984
525.94808163;0.1006019322;-0.51576512;-0.5945237972;-19.61557475;-14.209809984
526.44808931;0.1006019322;-0.51576512;-0.5945237972;-19.6145737;-14.209809984
526.94809698;4.51E-004;-0.51576512;-0.5945237972;-19.61157055;-14.209809984
527.46810496;4.51E-004;-0.51576512;-0.5935555174;-19.6145737;-14.209809984
527.94811232;4.51E-004;-0.51576512;-0.5935555174;-19.6145737;-14.209809984
528.4681203;4.51E-004;-0.51576512;-0.5935555174;-19.6145737;-14.209809984
528.94812767;0.1006019322;-0.51576512;-0.5916189578;-19.61557475;-14.207837632
529.46813565;0.1006019322;-0.514773264;-0.5925872376;-19.6145737;-14.21079616
529.94814301;0.1006019322;-0.514773264;-0.5925872376;-19.6145737;-14.21079616
530.46815099;0.1006019322;-0.514773264;-0.5925872376;-19.6145737;-14.21079616
530.94815836;4.51E-004;-0.514773264;-0.5935555174;-19.61557475;-14.209809984
531.46816634;0.1998495169;-0.518740688;-0.5964603567;-19.6145737;-14.21079616
531.9481737;0.400150483;-0.5217162559;-0.5983969163;-19.6125716;-14.209809984
532.46818168;0.5003009661;-0.518740688;-0.5945237972;-19.6145737;-14.209809984
532.94818904;0.5003009661;-0.517748832;-0.5945237972;-19.61557475;-14.207837632
533.46819702;0.8007524152;-0.517748832;-0.5925872376;-19.61557475;-14.207837632
533.94820439;0.8007524152;-0.51576512;-0.5925872376;-19.6145737;-14.208823808
534.44821206;0.8007524152;-0.51576512;-0.5916189578;-19.61357265;-14.208823808
534.94821973;0.9009028983;-0.518740688;-0.5935555174;-19.61557475;-14.207837632
535.44822741;0.7006019322;-0.516756976;-0.5925872376;-19.61357265;-14.21079616
535.94823508;0.8007524152;-0.51576512;-0.5925872376;-19.6105695;-14.209809984
536.44824275;0.7006019322;-0.51576512;-0.5916189578;-19.60956845;-14.209809984
536.94825042;0.7006019322;-0.51576512;-0.5916189578;-19.61757685;-14.209809984
537.44825809;0.7006019322;-0.51576512;-0.5916189578;-19.6165758;-14.209809984
537.94826577;0.7006019322;-0.514773264;-0.590650678;-19.61757685;-14.209809984
538.44827344;0.7006019322;-0.514773264;-0.590650678;-19.6165758;-14.209809984
538.94828111;0.7006019322;-0.514773264;-0.590650678;-19.6165758;-14.209809984
539.44828878;0.7006019322;-0.517748832;-0.5925872376;-19.61757685;-14.209809984
539.94829646;0.5003009661;-0.51576512;-0.5935555174;-19.61757685;-14.209809984
540.44830413;0.7006019322;-0.517748832;-0.5925872376;-19.6145737;-14.209809984
540.9483118;0.7006019322;-0.516756976;-0.5925872376;-19.6145737;-14.209809984
541.44831947;0.400150483;-0.51576512;-0.5925872376;-19.61357265;-14.209809984
541.94832714;0.5003009661;-0.514773264;-0.590650678;-19.61757685;-14.209809984
542.44833482;0.5003009661;-0.514773264;-0.5896823982;-19.6165758;-14.209809984
542.94834249;0.400150483;-0.516756976;-0.5925872376;-19.6145737;-14.209809984
543.44835016;0.5003009661;-0.513781408;-0.5896823982;-19.6165758;-14.209809984
543.94835783;0.5003009661;-0.513781408;-0.590650678;-19.6165758;-14.209809984
544.44836551;0.5003009661;-0.513781408;-0.5896823982;-19.61557475;-14.208823808
544.94837318;0.5003009661;-0.513781408;-0.590650678;-19.6165758;-14.206851456
545.44838085;0.5003009661;-0.513781408;-0.5887141184;-19.61557475;-14.209809984
545.94838852;0.5003009661;-0.513781408;-0.5887141184;-19.61357265;-14.209809984
546.4483962;0.5003009661;-0.513781408;-0.5887141184;-19.6145737;-14.21079616
546.94840387;0.5003009661;-0.513781408;-0.5887141184;-19.6145737;-14.209809984
547.44841154;0.5003009661;-0.512789552;-0.5887141184;-19.6145737;-14.21079616
547.94841921;0.5003009661;-0.512789552;-0.5887141184;-19.6125716;-14.209809984
548.44842688;0.5003009661;-0.512789552;-0.5887141184;-19.61157055;-14.209809984
548.94843456;0.400150483;-0.512789552;-0.5887141184;-19.61157055;-14.209809984
549.44844223;0.5003009661;-0.5197325439;-0.5887141184;-19.61157055;-14.209809984
549.9484499;0.5003009661;-0.51576512;-0.5887141184;-19.6145737;-14.21079616
550.44845757;0.5003009661;-0.5197325439;-0.5887141184;-19.61357265;-14.209809984
550.92846494;0.5003009661;-0.518740688;-0.5887141184;-19.6165758;-14.209809984
551.44847292;0.400150483;-0.518740688;-0.5877458385;-19.6165758;-14.209809984
551.94848059;0.5003009661;-0.5385778079;-0.5877458385;-19.6165758;-14.209809984
552.44848826;0.5003009661;-0.5455208;-0.5877458385;-19.61557475;-14.209809984
552.94849593;0.5003009661;-0.5207244;-0.5877458385;-19.61157055;-14.209809984
553.44850361;0.5003009661;-0.544528944;-0.5887141184;-19.61757685;-14.209809984
553.96851159;0.5003009661;-0.544528944;-0.5867775588;-19.6125716;-14.209809984
554.44851895;0.5003009661;-0.544528944;-0.5877458385;-19.6145737;-14.209809984
554.96852693;0.5003009661;-0.543537088;-0.5867775588;-19.6145737;-14.209809984
555.44853429;0.5003009661;-0.543537088;-0.5867775588;-19.6145737;-14.209809984
555.96854227;0.5003009661;-0.543537088;-0.5858092789;-19.6165758;-14.209809984
556.46854995;0.5003009661;-0.543537088;-0.5867775588;-19.61557475;-14.208823808
556.98855793;0.5003009661;-0.543537088;-0.5867775588;-19.61557475;-14.207837632
557.46856529;0.5003009661;-0.543537088;-0.5887141184;-19.6145737;-14.207837632
557.96857296;0.5003009661;-0.542545232;-0.5877458385;-19.6185779;-14.207837632
558.46858064;0.5003009661;-0.543537088;-0.590650678;-19.6165758;-14.207837632
558.96858831;0.5003009661;-0.543537088;-0.5877458385;-19.6145737;-14.209809984
559.48859629;0.5003009661;-0.543537088;-0.5867775588;-19.61557475;-14.207837632
559.96860365;0.5003009661;-0.542545232;-0.5867775588;-19.61757685;-14.207837632
560.48861163;0.5003009661;-0.542545232;-0.5867775588;-19.61557475;-14.207837632
560.968619;0.5003009661;-0.542545232;-0.5858092789;-19.61557475;-14.206851456
561.46862667;0.5003009661;-0.542545232;-0.5858092789;-19.61557475;-14.207837632
561.96863434;0.5003009661;-0.542545232;-0.5867775588;-19.6165758;-14.207837632
562.46864201;0.5003009661;-0.542545232;-0.5867775588;-19.61557475;-14.207837632
562.96864969;0.5003009661;-0.542545232;-0.5887141184;-19.61557475;-14.209809984
563.46865736;0.5003009661;-0.542545232;-0.5896823982;-19.6165758;-14.208823808
563.98866534;0.5003009661;-0.542545232;-0.5887141184;-19.61757685;-14.208823808
564.4686727;0.5003009661;-0.542545232;-0.5877458385;-19.61557475;-14.209809984
