0.0;0.0;-0;-0;-0.00012
0.500000023749;0.0;-0;-0;-0.00012
1.0000000475;-0.002;-0;-0;-0.00012
1.50000007125;-0.002;-0;-0;-0.00012
2.00000009499;-0.002;-0;-0;-0.00024
2.50000011874;0.0;-0;-0;-0.00024
3.00000014249;0.002;-0;-0;-0.000360000000001
3.50000016624;0.006;-0;-0;-0.00048
4.00000018999;0.012;-0;-0;-0.0006
4.50000021374;0.016;-0;-0;-0.00072
5.00000023749;0.02;-0;-0;-0.00084
5.50000026124;0.026;-0;-0;-0.00096
6.00000028498;0.03;-0;-0;-0.00108
6.50000030873;0.034;-0;-0;-0.0012
7.00000033248;0.04;-0;-0;-0.00132
7.50000035623;0.044;-0;-0;-0.00144
8.00000037998;0.048;-0;-0;-0.00156
8.50000040373;0.052;-0;-0;-0.00168
9.00000042748;0.056;-0;-0;-0.00168
9.50000045123;0.06;-0;-0;-0.0018
10.000000475;0.062;-0;-0;-0.0018
10.5000004987;0.064;-0;-0;-0.00192
11.0000005225;0.068;-0;-0;-0.00204
11.5000005462;0.07;-0;-0;-0.00204
12.00000057;0.074;-0;-0;-0.00216
12.5000005937;0.08;-0;-0;-0.00228
13.0000006175;0.084;-0;-0;-0.0024
13.5000006412;0.09;-0;-0;-0.00252
14.000000665;0.096;-0;-0;-0.00264
14.5000006887;0.102;-0;-0;-0.00276
15.0000007125;0.108;-0;-0;-0.00288
15.5000007362;0.114;-0;-0;-0.003
16.00000076;0.12;-0;-0;-0.00312
16.5000007837;0.128;-0;-0;-0.00324
17.0000008075;0.136;-0;-0;-0.00336
17.5000008312;0.142;-0;-0;-0.00348
18.000000855;0.15;-0;-0;-0.0036
18.5000008787;0.158;-0;-0;-0.00372
19.0000009025;0.166;-0;-0;-0.00384
19.5000009262;0.174;-0;-0;-0.00408
20.0000009499;0.182;-0;-0;-0.0042
20.5000009737;0.19;-0;-0;-0.00432
21.0000009974;0.2;-0;-0;-0.00444
21.5000010212;0.208;-0;-0;-0.00456
22.0000010449;0.218;-0.00012;-0.00012;-0.0048
22.5000010687;0.228;-0.00012;-0.00012;-0.00492
23.0000010924;0.238;-0.00012;-0.00012;-0.00516
23.5000011162;0.248;-0.00012;-0.00012;-0.00528
24.0000011399;0.26;-0.00012;-0.00012;-0.0054
24.5000011637;0.27;-0.00012;-0.00012;-0.00564
25.0000011874;0.282;-0.00012;-0.00012;-0.00576
25.5000012112;0.294;-0.00012;-0.00012;-0.006
26.0000012349;0.306;-0.00012;-0.00012;-0.00624
26.5000012587;0.318;-0.00012;-0.00012;-0.00636
27.0000012824;0.332;-0.00012;-0.00012;-0.0066
27.5000013062;0.344;-0.00012;-0.00012;-0.00684
28.0000013299;0.358;-0.00012;-0.00012;-0.00708
28.5000013537;0.372;-0.00012;-0.00012;-0.0072
29.0000013774;0.388;-0.00012;-0.00012;-0.00744
29.5000014012;0.402;-0.00024;-0.00024;-0.00768
30.0000014249;0.418;-0.00024;-0.00024;-0.00792
30.5000014487;0.434;-0.00024;-0.00024;-0.00816
31.0000014724;0.45;-0.00024;-0.00024;-0.0084
31.5000014962;0.466;-0.00024;-0.00024;-0.00864
32.0000015199;0.484;-0.00024;-0.00024;-0.00888
32.5000015437;0.502;-0.00036;-0.00036;-0.00924
33.0000015674;0.52;-0.00036;-0.00036;-0.00948
33.5000015912;0.54;-0.00036;-0.00036;-0.00972
34.0000016149;0.558;-0.00048;-0.00048;-0.00996
34.5000016387;0.578;-0.00048;-0.00048;-0.01032
35.0000016624;0.598;-0.0006;-0.0006;-0.01056
35.5000016862;0.62;-0.0006;-0.0006;-0.01092
36.0000017099;0.642;-0.00072;-0.00072;-0.01116
36.5000017337;0.664;-0.000840000000001;-0.000840000000001;-0.01152
37.0000017574;0.686;-0.000840000000001;-0.000840000000001;-0.01188
37.5000017812;0.71;-0.00096;-0.00096;-0.01212
38.0000018049;0.732;-0.00108;-0.00108;-0.01248
38.5000018287;0.758;-0.00132;-0.00132;-0.01284
39.0000018524;0.782;-0.00144;-0.00144;-0.0132
39.5000018761;0.808;-0.00168;-0.00168;-0.01356
40.0000018999;0.834;-0.00192;-0.00192;-0.01392
40.5000019236;0.86;-0.00204;-0.00204;-0.01428
41.0000019474;0.888;-0.00216;-0.00216;-0.01464
41.5000019711;0.916;-0.00228;-0.00228;-0.015
42.0000019949;0.944;-0.00228;-0.00228;-0.01536
42.5000020186;0.972;-0.0024;-0.0024;-0.01572
43.0000020424;1.002;-0.0024;-0.0024;-0.0162
43.5000020661;1.032;-0.0024;-0.0024;-0.01656
44.0000020899;1.062;-0.00252;-0.00252;-0.01704
44.5000021136;1.092;-0.00252;-0.00252;-0.0174
45.0000021374;1.122;-0.00252;-0.00252;-0.01776
45.5000021611;1.15;-0.00252;-0.00252;-0.01812
46.0000021849;1.176;-0.00252;-0.00252;-0.01848
46.5000022086;1.2;-0.00252;-0.00252;-0.01884
47.0000022324;1.222;-0.00252;-0.00252;-0.01908
47.5000022561;1.242;-0.00252;-0.00252;-0.01944
48.0000022799;1.258;-0.00252;-0.00252;-0.01956
48.5000023036;1.27;-0.0024;-0.0024;-0.0198
49.0000023274;1.278;-0.0024;-0.0024;-0.01992
49.5000023511;1.284;-0.0024;-0.0024;-0.01992
50.0000023749;1.288;-0.0024;-0.0024;-0.02004
50.5000023986;1.292;-0.0024;-0.0024;-0.02016
51.0000024224;1.294;-0.0024;-0.0024;-0.02016
51.5000024461;1.3;-0.0024;-0.0024;-0.02028
52.0000024699;1.306;-0.0024;-0.0024;-0.0204
52.5000024936;1.314;-0.0024;-0.0024;-0.02052
53.0000025174;1.326;-0.0024;-0.0024;-0.02064
53.5000025411;1.344;-0.0024;-0.0024;-0.02088
54.0000025649;1.368;-0.0024;-0.0024;-0.02124
54.5000025886;1.394;-0.0024;-0.0024;-0.0216
55.0000026124;1.424;-0.0024;-0.0024;-0.02196
55.5000026361;1.456;-0.0024;-0.0024;-0.02244
56.0000026599;1.49;-0.00252;-0.00252;-0.0228
56.5000026836;1.524;-0.00252;-0.00252;-0.02328
57.0000027074;1.56;-0.00252;-0.00252;-0.02376
57.5000027311;1.596;-0.0024;-0.0024;-0.02412
58.0000027549;1.632;-0.0024;-0.0024;-0.0246
58.5000027786;1.672;-0.0024;-0.0024;-0.02508
59.0000028023;1.712;-0.0024;-0.0024;-0.02568
59.5000028261;1.752;-0.0024;-0.0024;-0.02616
60.0000028498;1.796;-0.0024;-0.0024;-0.02664
60.5000028736;1.838;-0.0024;-0.0024;-0.02724
61.0000028973;1.882;-0.0024;-0.0024;-0.02784
61.5000029211;1.926;-0.0024;-0.0024;-0.02832
62.0000029448;1.97;-0.0024;-0.0024;-0.02892
62.5000029686;2.014;-0.00228;-0.00228;-0.0294
63.0000029923;2.06;-0.00228;-0.00228;-0.03
63.5000030161;2.104;-0.00228;-0.00228;-0.0306
64.0000030398;2.15;-0.00228;-0.00228;-0.0312
64.5000030636;2.196;-0.00216;-0.00216;-0.0318
65.0000030873;2.242;-0.00216;-0.00216;-0.03228
65.5000031111;2.29;-0.00216;-0.00216;-0.03288
66.0000031348;2.336;-0.00216;-0.00216;-0.03348
66.5000031586;2.384;-0.00216;-0.00216;-0.03408
67.0000031823;2.432;-0.00204;-0.00204;-0.03468
67.5000032061;2.48;-0.00204;-0.00204;-0.03528
68.0000032298;2.528;-0.00204;-0.00204;-0.03588
68.5000032536;2.576;-0.00204;-0.00204;-0.03648
69.0000032773;2.626;-0.00192;-0.00192;-0.0372
69.5000033011;2.676;-0.00192;-0.00192;-0.0378
70.0000033248;2.726;-0.00192;-0.00192;-0.0384
70.5000033486;2.776;-0.0018;-0.0018;-0.039
71.0000033723;2.826;-0.0018;-0.0018;-0.03972
71.5000033961;2.876;-0.0018;-0.0018;-0.04032
72.0000034198;2.928;-0.0018;-0.0018;-0.04092
72.5000034436;2.98;-0.00168;-0.00168;-0.04164
73.0000034673;3.032;-0.00168;-0.00168;-0.04224
73.5000034911;3.084;-0.00168;-0.00168;-0.04296
74.0000035148;3.136;-0.00168;-0.00168;-0.04368
74.5000035386;3.19;-0.00168;-0.00168;-0.04428
75.0000035623;3.244;-0.00168;-0.00168;-0.045
75.5000035861;3.298;-0.00168;-0.00168;-0.04572
76.0000036098;3.352;-0.00168;-0.00168;-0.04644
76.5000036336;3.406;-0.00156;-0.00156;-0.04716
77.0000036573;3.462;-0.00156;-0.00156;-0.04788
77.5000036811;3.516;-0.00156;-0.00156;-0.0486
78.0000037048;3.572;-0.00156;-0.00156;-0.04932
78.5000037285;3.628;-0.00156;-0.00156;-0.05016
79.0000037523;3.684;-0.00156;-0.00156;-0.05088
79.500003776;3.74;-0.00156;-0.00156;-0.0516
80.0000037998;3.796;-0.00156;-0.00156;-0.05244
80.5000038235;3.852;-0.00168;-0.00168;-0.05328
81.0000038473;3.908;-0.00168;-0.00168;-0.054
81.500003871;3.96;-0.00168;-0.00168;-0.05484
82.0000038948;4.008;-0.00168;-0.00168;-0.05568
82.5000039185;4.056;-0.0018;-0.0018;-0.0564
83.0000039423;4.102;-0.0018;-0.0018;-0.05724
83.500003966;4.148;-0.0018;-0.0018;-0.05808
84.0000039898;4.192;-0.0018;-0.0018;-0.05904
84.5000040135;4.23;-0.0018;-0.0018;-0.06012
85.0000040373;4.26;-0.0018;-0.0018;-0.06156
85.500004061;4.282;-0.0018;-0.0018;-0.06348
86.0000040848;4.3;-0.00216;-0.00216;-0.06576
86.5000041085;4.32;-0.00288;-0.00288;-0.06864
87.0000041323;4.334;-0.0048;-0.0048;-0.0726
87.500004156;4.338;-0.00852;-0.00852;-0.07812
88.0000041798;4.328;-0.01368;-0.01368;-0.08508
88.5000042035;4.318;-0.01956;-0.01956;-0.09276
89.0000042273;4.312;-0.02556;-0.02556;-0.1002
89.500004251;4.312;-0.03132;-0.03132;-0.10728
90.0000042748;4.32;-0.03684;-0.03684;-0.11412
90.5000042985;4.328;-0.04248;-0.04248;-0.12072
91.0000043223;4.338;-0.048;-0.048;-0.12708
91.500004346;4.348;-0.05352;-0.05352;-0.1332
92.0000043698;4.362;-0.05892;-0.05892;-0.13896
92.5000043935;4.376;-0.06432;-0.06432;-0.14436
93.0000044173;4.39;-0.06972;-0.06972;-0.14952
93.500004441;4.406;-0.07512;-0.07512;-0.15432
94.0000044648;4.418;-0.0804;-0.0804;-0.15936
94.5000044885;4.424;-0.08616;-0.08616;-0.16512
95.0000045123;4.42;-0.09288;-0.09288;-0.17172
95.500004536;4.408;-0.10032;-0.10032;-0.1788
96.0000045598;4.398;-0.108;-0.108;-0.186
96.5000045835;4.394;-0.11532;-0.11532;-0.19296
97.0000046073;4.398;-0.12228;-0.12228;-0.19968
97.500004631;4.408;-0.12876;-0.12876;-0.20628
98.0000046548;4.42;-0.135;-0.135;-0.21264
98.5000046785;4.436;-0.141;-0.141;-0.219
99.0000047022;4.454;-0.14688;-0.14688;-0.22524
99.500004726;4.472;-0.15252;-0.15252;-0.23136
100.00000475;4.49;-0.15816;-0.15816;-0.23748
100.500004773;4.508;-0.1638;-0.1638;-0.24348
101.000004797;4.526;-0.16956;-0.16956;-0.24948
101.500004821;4.542;-0.17544;-0.17544;-0.25548
102.000004845;4.556;-0.18168;-0.18168;-0.2616
102.500004868;4.568;-0.18828;-0.18828;-0.26808
103.000004892;4.572;-0.19572;-0.19572;-0.2748
103.500004916;4.572;-0.20352;-0.20352;-0.28176
104.00000494;4.574;-0.21132;-0.21132;-0.28872
104.500004963;4.578;-0.219;-0.219;-0.29532
105.000004987;4.588;-0.22632;-0.22632;-0.30168
105.500005011;4.6;-0.2334;-0.2334;-0.3078
106.000005035;4.612;-0.24012;-0.24012;-0.31392
106.500005058;4.628;-0.2466;-0.2466;-0.3198
107.000005082;4.644;-0.25308;-0.25308;-0.32568
107.500005106;4.662;-0.25944;-0.25944;-0.33144
108.00000513;4.678;-0.26592;-0.26592;-0.3372
108.500005153;4.696;-0.27216;-0.27216;-0.34284
109.000005177;4.712;-0.2784;-0.2784;-0.3486
109.500005201;4.73;-0.2844;-0.2844;-0.35412
110.000005225;4.748;-0.2904;-0.2904;-0.35952
110.500005248;4.766;-0.29628;-0.29628;-0.36468
111.000005272;4.784;-0.30228;-0.30228;-0.3696
111.500005296;4.802;-0.30816;-0.30816;-0.37428
112.00000532;4.82;-0.31392;-0.31392;-0.37884
112.500005343;4.836;-0.31968;-0.31968;-0.38328
113.000005367;4.854;-0.32532;-0.32532;-0.3876
113.500005391;4.872;-0.33072;-0.33072;-0.39192
114.000005415;4.892;-0.33612;-0.33612;-0.39624
114.500005438;4.91;-0.34128;-0.34128;-0.40056
115.000005462;4.926;-0.34656;-0.34656;-0.40488
115.500005486;4.94;-0.35196;-0.35196;-0.40944
116.00000551;4.952;-0.35772;-0.35772;-0.414
116.500005533;4.962;-0.36348;-0.36348;-0.41868
117.000005557;4.976;-0.36924;-0.36924;-0.42336
117.500005581;4.99;-0.37476;-0.37476;-0.42816
118.000005605;5.006;-0.38004;-0.38004;-0.43308
118.500005628;5.026;-0.3852;-0.3852;-0.43812
119.000005652;5.044;-0.39036;-0.39036;-0.44328
119.500005676;5.064;-0.39528;-0.39528;-0.44856
120.0000057;5.086;-0.4002;-0.4002;-0.45396
120.500005723;5.106;-0.405;-0.405;-0.45924
121.000005747;5.126;-0.40968;-0.40968;-0.46452
121.500005771;5.146;-0.41436;-0.41436;-0.4698
122.000005795;5.164;-0.4188;-0.4188;-0.47508
122.500005818;5.182;-0.42324;-0.42324;-0.48036
123.000005842;5.2;-0.4278;-0.4278;-0.48576
123.500005866;5.216;-0.4326;-0.4326;-0.49116
124.00000589;5.232;-0.43764;-0.43764;-0.49656
124.500005913;5.246;-0.44292;-0.44292;-0.50208
125.000005937;5.262;-0.4482;-0.4482;-0.50736
125.500005961;5.28;-0.45348;-0.45348;-0.51264
126.000005985;5.3;-0.45864;-0.45864;-0.51768
126.500006008;5.32;-0.46356;-0.46356;-0.5226
127.000006032;5.342;-0.46848;-0.46848;-0.5274
127.500006056;5.364;-0.47328;-0.47328;-0.53196
128.00000608;5.386;-0.47784;-0.47784;-0.53652
128.500006103;5.408;-0.4824;-0.4824;-0.54096
129.000006127;5.43;-0.48696;-0.48696;-0.54528
129.500006151;5.452;-0.4914;-0.4914;-0.5496
130.000006175;5.474;-0.49584;-0.49584;-0.5538
130.500006198;5.494;-0.50028;-0.50028;-0.558
131.000006222;5.514;-0.50472;-0.50472;-0.56196
131.500006246;5.534;-0.50904;-0.50904;-0.56604
132.00000627;5.552;-0.51336;-0.51336;-0.57
132.500006293;5.572;-0.51756;-0.51756;-0.57396
133.000006317;5.592;-0.52176;-0.52176;-0.57792
133.500006341;5.612;-0.52584;-0.52584;-0.58188
134.000006365;5.632;-0.52992;-0.52992;-0.58608
134.500006388;5.654;-0.53388;-0.53388;-0.59016
135.000006412;5.674;-0.53784;-0.53784;-0.59436
135.500006436;5.696;-0.5418;-0.5418;-0.59856
136.00000646;5.716;-0.54564;-0.54564;-0.60276
136.500006483;5.738;-0.5496;-0.5496;-0.60708
137.000006507;5.76;-0.55344;-0.55344;-0.61128
137.500006531;5.78;-0.5574;-0.5574;-0.6156
138.000006555;5.802;-0.56136;-0.56136;-0.6198
138.500006578;5.824;-0.56532;-0.56532;-0.62412
139.000006602;5.844;-0.56928;-0.56928;-0.62844
139.500006626;5.866;-0.57324;-0.57324;-0.63276
140.00000665;5.886;-0.5772;-0.5772;-0.63708
140.500006673;5.906;-0.58128;-0.58128;-0.6414
141.000006697;5.928;-0.58524;-0.58524;-0.6456
141.500006721;5.948;-0.5892;-0.5892;-0.64992
142.000006745;5.968;-0.59316;-0.59316;-0.65424
142.500006768;5.99;-0.597;-0.597;-0.65856
143.000006792;6.01;-0.60096;-0.60096;-0.66288
143.500006816;6.03;-0.60492;-0.60492;-0.66708
144.00000684;6.05;-0.60888;-0.60888;-0.67128
144.500006863;6.07;-0.61284;-0.61284;-0.67548
145.000006887;6.09;-0.6168;-0.6168;-0.67956
145.500006911;6.11;-0.62076;-0.62076;-0.68364
146.000006935;6.13;-0.62484;-0.62484;-0.6876
146.500006958;6.15;-0.62892;-0.62892;-0.69156
147.000006982;6.17;-0.63288;-0.63288;-0.69552
147.500007006;6.188;-0.63696;-0.63696;-0.69948
148.00000703;6.208;-0.64092;-0.64092;-0.70332
148.500007053;6.226;-0.64476;-0.64476;-0.70728
149.000007077;6.244;-0.64872;-0.64872;-0.71112
149.500007101;6.262;-0.65268;-0.65268;-0.71496
150.000007125;6.28;-0.65664;-0.65664;-0.71892
150.500007148;6.3;-0.6606;-0.6606;-0.72276
151.000007172;6.32;-0.66456;-0.66456;-0.72672
151.500007196;6.338;-0.66864;-0.66864;-0.73068
152.00000722;6.358;-0.67272;-0.67272;-0.73464
152.500007243;6.378;-0.67668;-0.67668;-0.7386
153.000007267;6.398;-0.68088;-0.68088;-0.74256
153.500007291;6.418;-0.68496;-0.68496;-0.74664
154.000007315;6.438;-0.68904;-0.68904;-0.7506
154.500007338;6.458;-0.69324;-0.69324;-0.75468
155.000007362;6.478;-0.69732;-0.69732;-0.75888
155.500007386;6.498;-0.70152;-0.70152;-0.76296
156.00000741;6.518;-0.70572;-0.70572;-0.76716
156.500007433;6.538;-0.7098;-0.7098;-0.77124
157.000007457;6.558;-0.714;-0.714;-0.77544
157.500007481;6.58;-0.71832;-0.71832;-0.77964
158.000007505;6.6;-0.72252;-0.72252;-0.78396
158.500007528;6.62;-0.72672;-0.72672;-0.78816
159.000007552;6.64;-0.73092;-0.73092;-0.79236
159.500007576;6.66;-0.73524;-0.73524;-0.79668
160.0000076;6.68;-0.73956;-0.73956;-0.801
160.500007623;6.7;-0.74388;-0.74388;-0.8052
161.000007647;6.72;-0.74832;-0.74832;-0.80952
161.500007671;6.738;-0.75276;-0.75276;-0.81384
162.000007695;6.758;-0.7572;-0.7572;-0.81816
162.500007718;6.776;-0.76164;-0.76164;-0.82236
163.000007742;6.796;-0.76596;-0.76596;-0.82668
163.500007766;6.816;-0.7704;-0.7704;-0.83088
164.00000779;6.834;-0.77472;-0.77472;-0.83508
164.500007813;6.854;-0.77904;-0.77904;-0.83928
165.000007837;6.874;-0.78336;-0.78336;-0.84348
165.500007861;6.894;-0.78768;-0.78768;-0.8478
166.000007885;6.914;-0.79188;-0.79188;-0.852
166.500007908;6.934;-0.7962;-0.7962;-0.8562
167.000007932;6.954;-0.8004;-0.8004;-0.86052
167.500007956;6.974;-0.80472;-0.80472;-0.86472
168.00000798;6.994;-0.80892;-0.80892;-0.86904
168.500008003;7.014;-0.81312;-0.81312;-0.87324
169.000008027;7.034;-0.81732;-0.81732;-0.87744
169.500008051;7.054;-0.82152;-0.82152;-0.88164
170.000008075;7.074;-0.82572;-0.82572;-0.88584
170.500008098;7.092;-0.82992;-0.82992;-0.89004
171.000008122;7.112;-0.83424;-0.83424;-0.89436
171.500008146;7.132;-0.83844;-0.83844;-0.89856
172.00000817;7.152;-0.84264;-0.84264;-0.90276
172.500008193;7.172;-0.84684;-0.84684;-0.90696
173.000008217;7.192;-0.85104;-0.85104;-0.91116
173.500008241;7.212;-0.85524;-0.85524;-0.91536
174.000008265;7.23;-0.85944;-0.85944;-0.91956
174.500008288;7.25;-0.86364;-0.86364;-0.92388
175.000008312;7.27;-0.86772;-0.86772;-0.92808
175.500008336;7.288;-0.87192;-0.87192;-0.9324
176.00000836;7.308;-0.876;-0.876;-0.93672
176.500008383;7.326;-0.88008;-0.88008;-0.94092
177.000008407;7.346;-0.88428;-0.88428;-0.94524
177.500008431;7.366;-0.88836;-0.88836;-0.94944
178.000008455;7.384;-0.89244;-0.89244;-0.95364
178.500008478;7.404;-0.89652;-0.89652;-0.95784
179.000008502;7.424;-0.9006;-0.9006;-0.96204
179.500008526;7.442;-0.90468;-0.90468;-0.96624
180.00000855;7.462;-0.90876;-0.90876;-0.97044
180.500008573;7.482;-0.91296;-0.91296;-0.97452
181.000008597;7.5;-0.91704;-0.91704;-0.97872
181.500008621;7.52;-0.92112;-0.92112;-0.9828
182.000008645;7.54;-0.9252;-0.9252;-0.987
182.500008668;7.558;-0.9294;-0.9294;-0.99108
183.000008692;7.578;-0.93348;-0.93348;-0.99528
183.500008716;7.596;-0.93756;-0.93756;-0.99948
184.00000874;7.616;-0.94176;-0.94176;-1.00368
184.500008763;7.634;-0.94584;-0.94584;-1.00788
185.000008787;7.654;-0.95004;-0.95004;-1.01208
185.500008811;7.672;-0.95424;-0.95424;-1.01628
186.000008835;7.692;-0.95832;-0.95832;-1.0206
186.500008858;7.712;-0.96252;-0.96252;-1.0248
187.000008882;7.73;-0.96672;-0.96672;-1.02912
187.500008906;7.75;-0.9708;-0.9708;-1.03332
188.00000893;7.768;-0.975;-0.975;-1.03764
188.500008953;7.788;-0.9792;-0.9792;-1.04196
189.000008977;7.806;-0.9834;-0.9834;-1.04616
189.500009001;7.826;-0.98748;-0.98748;-1.05048
190.000009025;7.844;-0.99168;-0.99168;-1.05468
190.500009048;7.864;-0.99588;-0.99588;-1.059
191.000009072;7.882;-1.00008;-1.00008;-1.0632
191.500009096;7.902;-1.00428;-1.00428;-1.06752
192.00000912;7.92;-1.00848;-1.00848;-1.07172
192.500009143;7.938;-1.01268;-1.01268;-1.07592
193.000009167;7.958;-1.01688;-1.01688;-1.08012
193.500009191;7.976;-1.02108;-1.02108;-1.08444
194.000009215;7.994;-1.02516;-1.02516;-1.08864
194.500009238;8.012;-1.02936;-1.02936;-1.09284
195.000009262;8.032;-1.03344;-1.03344;-1.09704
195.500009286;8.05;-1.03764;-1.03764;-1.10124
196.00000931;8.068;-1.04172;-1.04172;-1.10544
196.500009333;8.088;-1.04592;-1.04592;-1.10964
197.000009357;8.106;-1.05;-1.05;-1.11384
197.500009381;8.124;-1.05408;-1.05408;-1.11804
198.000009404;8.144;-1.05828;-1.05828;-1.12236
198.500009428;8.162;-1.06236;-1.06236;-1.12656
199.000009452;8.18;-1.06656;-1.06656;-1.13088
199.500009476;8.198;-1.07064;-1.07064;-1.1352
200.000009499;8.216;-1.07484;-1.07484;-1.13952
200.500009523;8.232;-1.07904;-1.07904;-1.14384
201.000009547;8.25;-1.08324;-1.08324;-1.14828
201.500009571;8.268;-1.08756;-1.08756;-1.1526
202.000009594;8.286;-1.09176;-1.09176;-1.15692
202.500009618;8.304;-1.09596;-1.09596;-1.16124
203.000009642;8.322;-1.10016;-1.10016;-1.16556
203.500009666;8.342;-1.10436;-1.10436;-1.16988
204.000009689;8.36;-1.10856;-1.10856;-1.17408
204.500009713;8.378;-1.11276;-1.11276;-1.17828
205.000009737;8.396;-1.11696;-1.11696;-1.1826
205.500009761;8.414;-1.12104;-1.12104;-1.1868
206.000009784;8.432;-1.12524;-1.12524;-1.191
206.500009808;8.45;-1.12932;-1.12932;-1.19532
207.000009832;8.47;-1.13352;-1.13352;-1.19952
207.500009856;8.488;-1.13772;-1.13772;-1.20372
208.000009879;8.506;-1.1418;-1.1418;-1.20792
208.500009903;8.524;-1.146;-1.146;-1.21212
209.000009927;8.542;-1.15008;-1.15008;-1.21632
209.500009951;8.56;-1.15416;-1.15416;-1.2204
210.000009974;8.578;-1.15824;-1.15824;-1.2246
210.500009998;8.596;-1.16232;-1.16232;-1.2288
211.000010022;8.614;-1.1664;-1.1664;-1.23288
211.500010046;8.63;-1.17048;-1.17048;-1.23708
212.000010069;8.648;-1.17456;-1.17456;-1.24128
212.500010093;8.666;-1.17864;-1.17864;-1.24536
213.000010117;8.684;-1.1826;-1.1826;-1.24956
213.500010141;8.702;-1.18668;-1.18668;-1.25376
214.000010164;8.718;-1.19076;-1.19076;-1.25784
214.500010188;8.736;-1.19472;-1.19472;-1.26204
215.000010212;8.754;-1.1988;-1.1988;-1.26624
215.500010236;8.772;-1.20276;-1.20276;-1.27032
216.000010259;8.788;-1.20672;-1.20672;-1.27452
216.500010283;8.806;-1.21068;-1.21068;-1.27872
217.000010307;8.824;-1.21476;-1.21476;-1.28292
217.500010331;8.84;-1.21872;-1.21872;-1.287
218.000010354;8.858;-1.22268;-1.22268;-1.2912
218.500010378;8.874;-1.22664;-1.22664;-1.29528
219.000010402;8.892;-1.2306;-1.2306;-1.29948
219.500010426;8.908;-1.23456;-1.23456;-1.30356
220.000010449;8.926;-1.23852;-1.23852;-1.30776
220.500010473;8.944;-1.24248;-1.24248;-1.31184
221.000010497;8.96;-1.24644;-1.24644;-1.31592
221.500010521;8.976;-1.2504;-1.2504;-1.32
222.000010544;8.994;-1.25436;-1.25436;-1.32408
222.500010568;9.01;-1.2582;-1.2582;-1.32828
223.000010592;9.026;-1.26204;-1.26204;-1.33236
223.500010616;9.042;-1.266;-1.266;-1.33632
224.000010639;9.06;-1.26984;-1.26984;-1.3404
224.500010663;9.074;-1.27368;-1.27368;-1.34448
225.000010687;9.09;-1.27752;-1.27752;-1.34856
225.500010711;9.106;-1.28136;-1.28136;-1.35264
226.000010734;9.122;-1.2852;-1.2852;-1.35672
226.500010758;9.138;-1.28904;-1.28904;-1.3608
227.000010782;9.154;-1.29288;-1.29288;-1.36476
227.500010806;9.17;-1.2966;-1.2966;-1.36884
228.000010829;9.186;-1.30044;-1.30044;-1.3728
228.500010853;9.202;-1.30416;-1.30416;-1.37676
229.000010877;9.218;-1.30788;-1.30788;-1.38084
229.500010901;9.234;-1.31172;-1.31172;-1.3848
230.000010924;9.25;-1.31544;-1.31544;-1.38864
230.500010948;9.266;-1.31916;-1.31916;-1.3926
231.000010972;9.282;-1.32288;-1.32288;-1.39656
231.500010996;9.298;-1.3266;-1.3266;-1.4004
232.000011019;9.314;-1.33032;-1.33032;-1.40436
232.500011043;9.328;-1.33392;-1.33392;-1.40832
233.000011067;9.344;-1.33764;-1.33764;-1.41216
233.500011091;9.36;-1.34136;-1.34136;-1.416
234.000011114;9.374;-1.34496;-1.34496;-1.41984
234.500011138;9.388;-1.34856;-1.34856;-1.42368
235.000011162;9.404;-1.35216;-1.35216;-1.42752
235.500011186;9.418;-1.35576;-1.35576;-1.43124
236.000011209;9.432;-1.35924;-1.35924;-1.43496
236.500011233;9.446;-1.36272;-1.36272;-1.43868
237.000011257;9.46;-1.3662;-1.3662;-1.4424
237.500011281;9.474;-1.36968;-1.36968;-1.446
238.000011304;9.486;-1.37316;-1.37316;-1.4496
238.500011328;9.5;-1.37664;-1.37664;-1.4532
239.000011352;9.512;-1.38024;-1.38024;-1.4568
239.500011376;9.524;-1.38372;-1.38372;-1.4604
240.000011399;9.538;-1.3872;-1.3872;-1.46388
240.500011423;9.55;-1.39056;-1.39056;-1.46736
241.000011447;9.562;-1.39392;-1.39392;-1.47084
241.500011471;9.574;-1.39728;-1.39728;-1.47432
242.000011494;9.588;-1.40052;-1.40052;-1.47768
242.500011518;9.6;-1.40376;-1.40376;-1.48092
243.000011542;9.612;-1.407;-1.407;-1.48416
243.500011566;9.622;-1.41012;-1.41012;-1.4874
244.000011589;9.634;-1.41324;-1.41324;-1.4904
244.500011613;9.644;-1.41624;-1.41624;-1.49352
245.000011637;9.654;-1.41912;-1.41912;-1.49652
245.500011661;9.664;-1.422;-1.422;-1.4994
246.000011684;9.674;-1.42476;-1.42476;-1.50228
246.500011708;9.682;-1.42752;-1.42752;-1.50516
247.000011732;9.692;-1.43028;-1.43028;-1.50792
247.500011756;9.702;-1.43292;-1.43292;-1.51068
248.000011779;9.71;-1.43556;-1.43556;-1.51332
248.500011803;9.718;-1.43808;-1.43808;-1.51596
249.000011827;9.726;-1.4406;-1.4406;-1.51848
249.500011851;9.734;-1.443;-1.443;-1.52088
250.000011874;9.74;-1.44528;-1.44528;-1.52316
250.500011898;9.746;-1.44744;-1.44744;-1.52544
251.000011922;9.752;-1.44948;-1.44948;-1.52748
251.500011946;9.756;-1.45152;-1.45152;-1.5294
252.000011969;9.76;-1.45344;-1.45344;-1.5312
252.500011993;9.764;-1.45536;-1.45536;-1.53276
253.000012017;9.766;-1.45704;-1.45704;-1.5342
253.500012041;9.766;-1.45872;-1.45872;-1.53552
254.000012064;9.764;-1.46016;-1.46016;-1.5366
254.500012088;9.762;-1.46136;-1.46136;-1.53744
255.000012112;9.756;-1.46244;-1.46244;-1.53804
255.500012136;9.748;-1.46316;-1.46316;-1.5384
256.000012159;9.74;-1.46388;-1.46388;-1.53852
256.500012183;9.728;-1.46436;-1.46436;-1.5384
257.000012207;9.716;-1.46472;-1.46472;-1.53804
257.500012231;9.7;-1.46484;-1.46484;-1.53732
258.000012254;9.682;-1.46472;-1.46472;-1.53624
258.500012278;9.658;-1.46424;-1.46424;-1.53456
259.000012302;9.63;-1.46352;-1.46352;-1.5324
259.500012326;9.596;-1.4622;-1.4622;-1.5294
260.000012349;9.552;-1.46004;-1.46004;-1.52532
260.500012373;9.488;-1.45608;-1.45608;-1.51872
261.000012397;9.39;-1.44852;-1.44852;-1.50768
261.500012421;9.202;-1.42932;-1.42932;-1.48368
262.000012444;8.712;-1.37316;-1.37316;-1.4214
262.500012468;7.748;-1.26912;-1.26912;-1.311
263.000012492;6.514;-1.14312;-1.14312;-1.17984
263.500012516;5.328;-1.02528;-1.02528;-1.05828
264.000012539;4.368;-0.93108;-0.93108;-0.96144
264.500012563;3.668;-0.86244;-0.86244;-0.89112
