0.6400098334;6.51E-005;-8.53E-004;-8.53E-004;5.61E-004
1.1000169013;9.11E-005;-8.63E-004;-8.63E-004;6.04E-004
1.5800242764;1.30E-004;-8.57E-004;-8.57E-004;5.70E-004
2.0800319588;1.24E-004;-8.75E-004;-8.75E-004;5.92E-004
2.5800396413;7.16E-005;-8.78E-004;-8.78E-004;6.00E-004
3.0800473237;6.51E-005;-8.88E-004;-8.88E-004;5.85E-004
3.5800550061;1.24E-004;-8.95E-004;-8.95E-004;6.13E-004
4.0800626885;1.89E-004;-9.04E-004;-9.04E-004;6.15E-004
4.5800703709;1.89E-004;-9.06E-004;-9.06E-004;5.70E-004
5.0800780534;1.82E-004;-9.24E-004;-9.24E-004;5.85E-004
5.5800857358;2.41E-004;-1.20E-003;-1.20E-003;7.98E-004
6.0800934182;1.74E-003;-1.23E-003;-1.23E-003;7.38E-004
6.5801011006;3.20E-003;-1.23E-003;-1.23E-003;7.88E-004
7.080108783;6.05E-003;-1.25E-003;-1.25E-003;7.76E-004
7.5801164655;7.14E-003;-1.33E-003;-1.33E-003;8.20E-004
8.0801241479;0.0103515625;-1.69E-003;-1.69E-003;1.01E-003
8.5801318303;0.0144335937;-2.32E-003;-2.32E-003;1.46E-003
9.0801395127;0.020078125;-3.09E-003;-3.09E-003;2.10E-003
9.5801471952;0.021484375;-3.50E-003;-3.50E-003;2.42E-003
10.080154878;0.0218424479;-3.63E-003;-3.63E-003;2.44E-003
10.58016256;0.0221549479;-3.71E-003;-3.71E-003;2.57E-003
11.080170242;0.0243033854;-3.88E-003;-3.88E-003;2.66E-003
11.580177925;0.027688802;-4.15E-003;-4.15E-003;2.83E-003
12.080185607;0.0286132812;-4.43E-003;-4.43E-003;3.08E-003
12.58019329;0.0311979166;-4.67E-003;-4.67E-003;3.22E-003
13.080200972;0.0336783854;-4.93E-003;-4.93E-003;3.44E-003
13.580208655;0.0351627604;-5.35E-003;-5.35E-003;3.84E-003
14.080216337;0.0360546875;-5.67E-003;-5.67E-003;4.07E-003
14.580224019;0.0402734375;-5.82E-003;-5.82E-003;4.16E-003
15.080231702;0.0417578125;-5.85E-003;-5.85E-003;4.06E-003
15.580239384;0.0422591145;-5.83E-003;-5.83E-003;3.90E-003
16.080247067;0.0450390625;-5.83E-003;-5.83E-003;3.85E-003
16.580254749;0.0477213541;-5.85E-003;-5.85E-003;3.84E-003
17.080262431;0.0481640625;-5.86E-003;-5.86E-003;3.76E-003
17.580270114;0.0479427083;-5.85E-003;-5.85E-003;3.81E-003
18.080277796;0.0475065104;-5.88E-003;-5.88E-003;3.82E-003
18.580285479;0.0478580729;-5.88E-003;-5.88E-003;3.83E-003
19.080293161;0.0486458333;-5.89E-003;-5.89E-003;3.81E-003
19.580300844;0.0481119791;-5.89E-003;-5.89E-003;3.80E-003
20.080308526;0.0484635416;-5.88E-003;-5.88E-003;3.74E-003
20.580316208;0.0488541666;-5.90E-003;-5.90E-003;3.75E-003
21.080323891;0.048782552;-5.90E-003;-5.90E-003;3.67E-003
21.580331573;0.0488802083;-5.90E-003;-5.90E-003;3.73E-003
22.080339256;0.0501302083;-5.90E-003;-5.90E-003;3.75E-003
22.580346938;0.0502408854;-5.89E-003;-5.89E-003;3.78E-003
23.080354621;0.0499739583;-5.93E-003;-5.93E-003;3.82E-003
23.580362303;0.0515494791;-5.96E-003;-5.96E-003;3.85E-003
24.080369985;0.053470052;-6.00E-003;-6.00E-003;3.86E-003
24.580377668;0.0538541666;-6.02E-003;-6.02E-003;3.87E-003
25.08038535;0.0546809895;-6.05E-003;-6.05E-003;3.85E-003
25.580393033;0.0546354166;-6.05E-003;-6.05E-003;3.82E-003
26.080400715;0.0554947916;-6.05E-003;-6.05E-003;3.79E-003
26.580408397;0.0559440104;-6.07E-003;-6.07E-003;3.84E-003
27.08041608;0.0567968749;-6.09E-003;-6.09E-003;3.81E-003
27.580423762;0.0571223958;-6.08E-003;-6.08E-003;3.78E-003
28.080431445;0.0597265624;-6.10E-003;-6.10E-003;3.77E-003
28.580439127;0.0627278645;-6.12E-003;-6.12E-003;3.71E-003
29.08044681;0.0637760416;-6.16E-003;-6.16E-003;3.67E-003
29.580454492;0.0675260416;-6.16E-003;-6.16E-003;3.61E-003
30.080462174;0.0694335937;-6.16E-003;-6.16E-003;3.54E-003
30.580469857;0.0704622395;-6.17E-003;-6.17E-003;3.46E-003
31.080477539;0.0709309895;-6.19E-003;-6.19E-003;3.37E-003
31.580485222;0.0755468749;-6.19E-003;-6.19E-003;3.36E-003
32.080492904;0.0772460937;-6.20E-003;-6.20E-003;3.23E-003
32.580500587;0.0811588541;-6.07E-003;-6.07E-003;2.88E-003
33.080508269;0.0831835937;-5.71E-003;-5.71E-003;2.40E-003
33.580515951;0.0893098958;-5.72E-003;-5.72E-003;2.45E-003
34.080523634;0.0902929687;-5.96E-003;-5.96E-003;2.74E-003
34.580531316;0.0902539062;-7.34E-003;-7.34E-003;4.08E-003
35.080538999;0.0902213541;-9.09E-003;-9.09E-003;5.75E-003
35.580546681;0.0902929687;-0.0107773454;-0.0107773454;7.38E-003
36.080554364;0.0902864583;-0.0123632829;-0.0123632829;8.92E-003
36.580562046;0.0907812499;-0.0137812516;-0.0137812516;0.0102669265
37.080569728;0.0906315104;-0.0139791683;-0.0139791683;0.0104049474
37.580577411;0.0920442708;-0.0140429704;-0.0140429704;0.0105117182
38.080585093;0.0958854166;-0.0142473975;-0.0142473975;0.010617187
38.580592776;0.0907812499;-0.0147604183;-0.0147604183;0.0111223953
39.080600458;0.0909114583;-0.0174934912;-0.0174934912;0.0138502599
39.58060814;0.0943554687;-0.0176692725;-0.0176692725;0.0140585932
40.080615823;0.0973697916;-0.0180182308;-0.0180182308;0.014273437
40.580623505;0.1033789062;-0.0184635433;-0.0184635433;0.014602864
41.080631188;0.1049804687;-0.0189361995;-0.0189361995;0.0149049474
41.58063887;0.0904166666;-0.0176341162;-0.0176341162;0.0136835932
42.080646553;0.0945833333;-0.0176484391;-0.0176484391;0.013727864
42.580654235;0.0992317708;-0.0179960954;-0.0179960954;0.0140598953
43.080661917;0.1072395833;-0.0183072933;-0.0183072933;0.0142096349
43.5806696;0.1174218749;-0.01909896;-0.01909896;0.0147526036
44.080677282;0.1297786458;-0.0206393245;-0.0206393245;0.0159244786
44.580684965;0.1408268229;-0.0223216162;-0.0223216162;0.0173268224
45.080692647;0.1519791666;-0.0241236995;-0.0241236995;0.0187838536
45.58070033;0.1653906249;-0.0261354183;-0.0261354183;0.0204557286
46.080708012;0.1793554687;-0.0283242204;-0.0283242204;0.0222187495
46.580715694;0.1953580729;-0.0307369808;-0.0307369808;0.0242161453
47.080723377;0.2109440104;-0.0330976579;-0.0330976579;0.026117187
47.580731059;0.2259765624;-0.0353424495;-0.0353424495;0.0279440099
48.080738742;0.2409505208;-0.0375351579;-0.0375351579;0.0297044265
48.580746424;0.2555078124;-0.0397656266;-0.0397656266;0.031507812
49.080754106;0.2708268228;-0.0419661475;-0.0419661475;0.0333085932
49.580761789;0.287688802;-0.044162762;-0.044162762;0.0350768224
50.080769471;0.3018749999;-0.0461796891;-0.0461796891;0.036617187
50.580777154;0.3148567708;-0.048100262;-0.048100262;0.0382200515
51.080784836;0.3286132812;-0.050145835;-0.050145835;0.0398567703
51.580792519;0.3436328124;-0.0521432308;-0.0521432308;0.0416445307
52.080800201;0.3566341145;-0.053881512;-0.053881512;0.0428489578
52.580807883;0.3658593749;-0.0554375016;-0.0554375016;0.0440989578
53.080815566;0.378157552;-0.0569296891;-0.0569296891;0.045289062
53.580823248;0.3890690103;-0.058397137;-0.058397137;0.0464882807
54.080830931;0.402298177;-0.0599973975;-0.0599973975;0.0477226557
54.580838613;0.4132617187;-0.0616028662;-0.0616028662;0.0489700515
55.080846296;0.4243684895;-0.0630664079;-0.0630664079;0.0501236974
55.580853978;0.4370117187;-0.0646614599;-0.0646614599;0.051398437
56.08086166;0.4497330728;-0.0663997412;-0.0663997412;0.052774739
56.580869343;0.4648567707;-0.0682604183;-0.0682604183;0.054212239
57.080877025;0.4788281249;-0.0700833349;-0.0700833349;0.0556562495
57.580884708;0.4901367187;-0.0717513037;-0.0717513037;0.0569192703
58.08089239;0.502376302;-0.0734479183;-0.0734479183;0.0582369786
58.580900072;0.5160807291;-0.0752317724;-0.0752317724;0.0596106765
59.080907755;0.5300911457;-0.0770911474;-0.0770911474;0.0610039057
59.580915437;0.5427604166;-0.0790052099;-0.0790052099;0.0624257807
60.08092312;0.5541796874;-0.0804674495;-0.0804674495;0.0635846349
60.580930802;0.5641080728;-0.0818151058;-0.0818151058;0.0643776036
61.080938485;0.5767903645;-0.0835807308;-0.0835807308;0.0656627599
61.580946167;0.5913020832;-0.0855091162;-0.0855091162;0.0671002599
62.080953849;0.6045052082;-0.0873320329;-0.0873320329;0.0684674474
62.580961532;0.6178580728;-0.0890325537;-0.0890325537;0.069790364
63.080969214;0.6308984374;-0.0908307308;-0.0908307308;0.071117187
63.580976897;0.6448111978;-0.0927825537;-0.0927825537;0.0726302078
64.080984579;0.6622005207;-0.0948111995;-0.0948111995;0.0740950515
64.58099226;0.6779166666;-0.0966861995;-0.0966861995;0.0754518224
65.101000248;0.6918359374;-0.0985716162;-0.0985716162;0.0768658849
65.601007929;0.7066145832;-0.1008294287;-0.1008294287;0.0785585932
66.10101561;0.7207552082;-0.1029544287;-0.1029544287;0.0801236974
66.601023291;0.7400976561;-0.1052539079;-0.1052539079;0.0817877599
67.101030972;0.7555924478;-0.107506512;-0.107506512;0.0834127599
67.601038653;0.7709570311;-0.1095286474;-0.1095286474;0.0848085932
68.101046334;0.7874674478;-0.1116796891;-0.1116796891;0.0863789057
68.601054015;0.8059374999;-0.1138372412;-0.1138372412;0.0878072911
69.101061696;0.823938802;-0.115787762;-0.115787762;0.0890507807
69.601069377;0.8430598957;-0.1174401058;-0.1174401058;0.0900963536
70.101077058;0.8602734374;-0.1187500016;-0.1187500016;0.0908111974
70.601084739;0.8775325519;-0.1199010433;-0.1199010433;0.0914270828
71.10109242;0.8987044269;-0.1208789079;-0.1208789079;0.0916640619
71.601100101;0.9199479165;-0.1221861995;-0.1221861995;0.0923072911
72.101107781;0.9400846353;-0.1237083349;-0.1237083349;0.0932447911
72.601115462;0.958893229;-0.1249205745;-0.1249205745;0.0938632807
73.101123143;0.976940104;-0.126053387;-0.126053387;0.0944648432
73.601130824;0.9948502603;-0.1273164079;-0.1273164079;0.0951289057
74.101138505;1.0149023436;-0.1286731787;-0.1286731787;0.0958138015
74.601146186;1.0335546874;-0.1299609391;-0.1299609391;0.0964049474
75.101153867;1.0509570311;-0.1313619808;-0.1313619808;0.0971601557
75.601161548;1.0697070311;-0.1327018245;-0.1327018245;0.0979492182
76.101169229;1.0898177082;-0.1341106787;-0.1341106787;0.0986588536
76.60117691;1.1114778645;-0.1355898453;-0.1355898453;0.0994518224
77.101184591;1.1341145832;-0.1370755224;-0.1370755224;0.1002513015
77.601192272;1.152454427;-0.1383893245;-0.1383893245;0.1009674474
78.101199953;1.1705143228;-0.1397304703;-0.1397304703;0.1016979161
78.601207634;1.1915755207;-0.1411705745;-0.1411705745;0.1024856765
79.101215315;1.2128515624;-0.1426484391;-0.1426484391;0.1032786453
79.601222996;1.2341341145;-0.1441796891;-0.1441796891;0.1040690099
80.101230677;1.2554427082;-0.1456875016;-0.1456875016;0.1048307286
80.601238358;1.276002604;-0.1472070328;-0.1472070328;0.105759114
81.101246039;1.300423177;-0.1488580745;-0.1488580745;0.1066471349
81.60125372;1.3234505207;-0.150569012;-0.150569012;0.1075416661
82.101261401;1.3439453124;-0.1521536474;-0.1521536474;0.1084401036
82.601269082;1.3630013019;-0.1535312516;-0.1535312516;0.1092161453
83.101276763;1.3841341144;-0.155037762;-0.155037762;0.110040364
83.601284444;1.4055794269;-0.1566549495;-0.1566549495;0.1108815099
84.101292125;1.4281510415;-0.1583880224;-0.1583880224;0.1116770828
84.601299806;1.4481966144;-0.1600338558;-0.1600338558;0.1125130203
85.101307487;1.4671484374;-0.1614648453;-0.1614648453;0.1132565099
85.601315168;1.4872070311;-0.1629817724;-0.1629817724;0.1140963536
86.101322849;1.5085742186;-0.1646562516;-0.1646562516;0.1149609369
86.60133053;1.5330403644;-0.166381512;-0.166381512;0.1158802078
87.10133821;1.554361979;-0.1680859391;-0.1680859391;0.1167513015
87.601345891;1.5749934894;-0.1698333349;-0.1698333349;0.1176888015
88.101353572;1.5968815103;-0.1716614599;-0.1716614599;0.1186223953
88.601361253;1.6238867186;-0.1736093766;-0.1736093766;0.1196731765
89.101368934;1.650455729;-0.1755546891;-0.1755546891;0.120759114
89.601376615;1.6756380207;-0.1773177099;-0.1773177099;0.1216562494
90.101384296;1.6988216144;-0.1794036474;-0.1794036474;0.1227968744
90.601391977;1.7243424477;-0.1812955745;-0.1812955745;0.123821614
91.101399658;1.7537695311;-0.1834765641;-0.1834765641;0.1250156244
91.601407339;1.7814127602;-0.1857552099;-0.1857552099;0.1261158849
92.10141502;1.8075976561;-0.1878984391;-0.1878984391;0.1272526036
92.601422701;1.8347656248;-0.1898867203;-0.1898867203;0.1283111974
93.101430382;1.8624999998;-0.1919505224;-0.1919505224;0.1294296869
93.601438063;1.8906575519;-0.1941888037;-0.1941888037;0.1306210932
94.101445744;1.920143229;-0.1962955745;-0.1962955745;0.1316692703
94.601453425;1.9472395831;-0.1983255224;-0.1983255224;0.1327499994
95.101461106;1.9713802081;-0.2001380224;-0.2001380224;0.1336510411
95.601468787;1.9976562498;-0.2020611995;-0.2020611995;0.1346770828
96.101476468;2.028815104;-0.2044869807;-0.2044869807;0.1357916661
96.601484149;2.0576822915;-0.2064739599;-0.2064739599;0.1367330723
97.10149183;2.085221354;-0.2084388037;-0.2084388037;0.1377174473
97.601499511;2.1118749998;-0.2102109391;-0.2102109391;0.1385546869
98.101507192;2.1419921873;-0.2123307307;-0.2123307307;0.1395755203
98.601514873;2.172832031;-0.2145182307;-0.2145182307;0.1406484369
99.101522554;2.2052929685;-0.2166718766;-0.2166718766;0.1416888015
99.601530235;2.2327083331;-0.2186692724;-0.2186692724;0.1426432286
100.10153792;2.2622786456;-0.2207486995;-0.2207486995;0.1435651036
100.6015456;2.2895247393;-0.2230195328;-0.2230195328;0.144759114
101.10155328;2.3218033852;-0.2251523453;-0.2251523453;0.1456367182
101.60156096;2.3515950518;-0.2271888037;-0.2271888037;0.1465455723
102.10156864;2.3799153643;-0.229178387;-0.229178387;0.1474596348
102.60157632;2.4074544268;-0.2313528662;-0.2313528662;0.1484075515
103.101584;2.4350325518;-0.2334869807;-0.2334869807;0.1492552078
103.60159168;2.4672981768;-0.2357187516;-0.2357187516;0.1502473953
104.10159936;2.4997395831;-0.2380013037;-0.2380013037;0.1512226557
104.60160704;2.5264843747;-0.2399622412;-0.2399622412;0.1520677078
105.10161473;2.5547135414;-0.2419622412;-0.2419622412;0.1529947911
105.60162241;2.5849999997;-0.2439557307;-0.2439557307;0.1538033848
106.10163009;2.6168880206;-0.2460039078;-0.2460039078;0.1546406244
106.60163777;2.6523502601;-0.2480520849;-0.2480520849;0.1555299473
107.10164545;2.6820703122;-0.2499700536;-0.2499700536;0.1563476557
107.60165313;2.7114778643;-0.2518567724;-0.2518567724;0.1571588536
108.10166081;2.7414778643;-0.2537981787;-0.2537981787;0.1579752598
108.60166849;2.7775651039;-0.2559934911;-0.2559934911;0.158852864
109.10167617;2.811302083;-0.2580781266;-0.2580781266;0.1597083328
109.60168385;2.839394531;-0.2599075536;-0.2599075536;0.160462239
110.10169154;2.8694075518;-0.2618085953;-0.2618085953;0.1612565098
110.60169922;2.9006119789;-0.2637773453;-0.2637773453;0.1620572911
111.1017069;2.9380338539;-0.2658385432;-0.2658385432;0.1628229161
111.60171458;2.9714973955;-0.2678333349;-0.2678333349;0.1635572911
112.10172226;3.0012304684;-0.2697500016;-0.2697500016;0.1642630203
112.60172994;3.0311848955;-0.2716744807;-0.2716744807;0.1650494786
113.10173762;3.0620898434;-0.273631512;-0.273631512;0.1657812494
113.6017453;3.0967578122;-0.2757109391;-0.2757109391;0.1665156244
114.10175298;3.1307682288;-0.2777942724;-0.2777942724;0.1672070307
114.60176066;3.1604296872;-0.2794453141;-0.2794453141;0.1675455723
115.10176834;3.1890624997;-0.2813893245;-0.2813893245;0.1679817703
115.60177603;3.2245638018;-0.2834335953;-0.2834335953;0.1684114578
116.10178371;3.2611002601;-0.2855768245;-0.2855768245;0.169149739
116.60179139;3.2938932288;-0.2876523453;-0.2876523453;0.1698749994
117.10179907;3.3276757809;-0.2897968766;-0.2897968766;0.1706210932
117.60180675;3.3578059892;-0.2917812516;-0.2917812516;0.1712513015
118.10181443;3.3913151038;-0.2937968766;-0.2937968766;0.1719270828
118.60182211;3.4312825517;-0.2960351578;-0.2960351578;0.1726549473
119.10182979;3.4630143226;-0.2980937516;-0.2980937516;0.1733177078
119.60183747;3.4932291663;-0.300147137;-0.300147137;0.1740104161
120.10184515;3.5269335934;-0.302303387;-0.302303387;0.1747630203
120.60185284;3.5623307288;-0.3045572932;-0.3045572932;0.1755611973
121.10186052;3.6015234371;-0.3069088557;-0.3069088557;0.1763033848
121.6018682;3.6356054684;-0.309303387;-0.309303387;0.1771783848
122.10187588;3.6664257809;-0.3115638036;-0.3115638036;0.1779283848
122.60188356;3.699661458;-0.3139049495;-0.3139049495;0.1787565098
123.10189124;3.7342903642;-0.3163528661;-0.3163528661;0.1796393223
123.60189892;3.7749609371;-0.3189869807;-0.3189869807;0.1804999994
124.1019066;3.8113151038;-0.3215247411;-0.3215247411;0.1813320307
124.60191428;3.83797526;-0.323912762;-0.323912762;0.1821458328
125.10192196;3.8722786454;-0.326506512;-0.326506512;0.1829882807
125.60192965;3.9078645829;-0.3292161474;-0.3292161474;0.1838489578
126.10193733;3.94688151;-0.3319518245;-0.3319518245;0.1846953119
126.60194501;3.9848242183;-0.3346197932;-0.3346197932;0.1854908848
127.10195269;4.0204296871;-0.337444012;-0.337444012;0.1863346348
127.60196037;4.0529166663;-0.3401861995;-0.3401861995;0.1871614578
128.10196805;4.0893619787;-0.3429622411;-0.3429622411;0.1879830723
128.60197573;4.129928385;-0.3457838557;-0.3457838557;0.1888085932
129.10198342;4.1634244787;-0.348522137;-0.348522137;0.1896119786
129.6019911;4.1983203121;-0.3511458349;-0.3511458349;0.1904140619
130.10199879;4.2343554683;-0.3538763036;-0.3538763036;0.1912057286
130.60200647;4.2700390621;-0.3565794286;-0.3565794286;0.1919908848
131.10201415;4.3099348954;-0.359522137;-0.359522137;0.1928450515
131.60202184;4.3470247391;-0.3622903661;-0.3622903661;0.1936562494
132.10202952;4.376178385;-0.3651106786;-0.3651106786;0.1944518223
132.60203721;4.4125130204;-0.3684231786;-0.3684231786;0.1953971348
133.10204489;4.4480013016;-0.371492189;-0.371492189;0.1956953119
133.60205257;4.4829361975;-0.3745807307;-0.3745807307;0.1949348953
134.10206026;4.5143684891;-0.3783763036;-0.3783763036;0.1949973953
134.60206794;4.5284049475;-0.3804309911;-0.3804309911;0.1912304682
135.10207562;4.5666992183;-0.3836367203;-0.3836367203;0.190524739
135.60208331;4.6041276037;-0.3865898453;-0.3865898453;0.1900768223
136.10209099;4.6388085933;-0.3890677099;-0.3890677099;0.1882447911
136.60209868;4.662695312;-0.3913164078;-0.3913164078;0.1847486973
137.10210636;4.6890755204;-0.3946666682;-0.3946666682;0.183009114
137.60211404;4.7119661454;-0.3966822932;-0.3966822932;0.1809348953
138.10212173;4.7464518224;-0.3991757828;-0.3991757828;0.1791315098
138.60212941;4.7758789058;-0.4030794286;-0.4030794286;0.1777460932
139.1021371;4.8028190099;-0.4070690119;-0.4070690119;0.1759010411
139.60214478;4.7970833328;-0.4137552099;-0.4137552099;0.1706822911
140.10215246;4.7081835933;-0.4206380224;-0.4206380224;0.1551575515
140.60216015;4.730585937;-0.4274700536;-0.4274700536;0.149321614
141.10216783;4.7927604162;-0.4328841161;-0.4328841161;0.1461354161
141.60217552;4.8411067703;-0.4376549494;-0.4376549494;0.1434388015
142.1021832;4.8723958328;-0.4419622411;-0.4419622411;0.1411549473
142.60219088;4.8992057287;-0.4463489598;-0.4463489598;0.139087239
143.10219857;4.9323242182;-0.4505013036;-0.4505013036;0.1370585932
143.60220625;4.9646289057;-0.4544427099;-0.4544427099;0.1350976557
144.10221393;4.9914127599;-0.4584375015;-0.4584375015;0.1331666661
144.60222162;5.0111458328;-0.4634934911;-0.4634934911;0.1326744786
145.1022293;5.0387630203;-0.4683242203;-0.4683242203;0.131524739
145.60223699;5.0696809891;-0.4732656265;-0.4732656265;0.1300976557
146.10224467;5.0991666661;-0.4781979182;-0.4781979182;0.1289388015
146.60225235;5.1108919266;-0.4864791682;-0.4864791682;0.1321822911
147.10226004;5.1226497391;-0.4950403661;-0.4950403661;0.1363554682
147.60226772;5.1429166661;-0.5024713557;-0.5024713557;0.1387200515
148.10227541;5.1697005203;-0.5093776057;-0.5093776057;0.139212239
148.60228309;5.1889322911;-0.5173007827;-0.5173007827;0.1391132807
149.10229077;5.2082552078;-0.5246432307;-0.5246432307;0.1387174473
149.60229846;5.1956770828;-0.5337057307;-0.5337057307;0.1352252598
150.10230614;5.1955729161;-0.5418723973;-0.5418723973;0.1300390619
150.60231382;5.1262044266;-0.5470468765;-0.5470468765;0.1176393224
151.10232151;5.1318164057;-0.5565338557;-0.5565338557;0.1112213536
151.60232919;5.1756510411;-0.5631705744;-0.5631705744;0.1072539057
152.10233688;5.2027669266;-0.569695314;-0.569695314;0.1028424474
152.60234456;5.2084830724;-0.5785963556;-0.5785963556;0.0965104161
153.10235224;5.2455598953;-0.5853138036;-0.5853138036;0.093040364
153.60235993;5.2725911453;-0.5926966161;-0.5926966161;0.0900833328
154.10236761;5.0819466141;-0.6060455744;-0.6060455744;0.0715976557
154.6023753;5.049414062;-0.6177200536;-0.6177200536;0.0628268224
155.10238298;5.1062434891;-0.624335939;-0.624335939;0.0588541661
155.60239066;5.1610156245;-0.6311705744;-0.6311705744;0.0553098953
156.10239835;5.2017643224;-0.6377408869;-0.6377408869;0.0515351557
156.60240603;5.2360937495;-0.6443411473;-0.6443411473;0.0482838536
157.10241372;5.2704557286;-0.6511250015;-0.6511250015;0.0451276036
157.6024214;5.2965039057;-0.6578072931;-0.6578072931;0.0420898432
158.10242908;5.3234960932;-0.6644231785;-0.6644231785;0.0392369786
158.60243677;5.3452148432;-0.6705117202;-0.6705117202;0.0363880203
159.10244445;5.2426562495;-0.6745494806;-0.6745494806;0.0198476557
159.60245213;5.2026692703;-0.687852866;-0.687852866;0.0120976557
160.10245982;5.2265364578;-0.6978880223;-0.6978880223;7.77E-003
160.6024675;5.2690885411;-0.7061601577;-0.7061601577;3.47E-003
161.10247519;5.3044401036;-0.7140768244;-0.7140768244;-7.14E-004
161.60248287;5.3121940099;-0.7236757827;-0.7236757827;-6.86E-003
162.10249055;5.211634114;-0.7295598973;-0.7295598973;-0.0233919275
162.60249824;5.2550325515;-0.7366432306;-0.7366432306;-0.0275286463
163.10250592;5.3031835932;-0.744790366;-0.744790366;-0.0304583338
163.60251361;5.3381901036;-0.7516302098;-0.7516302098;-0.0353776046
164.10252129;5.3563281244;-0.7586927098;-0.7586927098;-0.0402369796
164.60252897;5.3705664057;-0.7658515639;-0.7658515639;-0.0456562504
165.10253666;5.3767513015;-0.7734830743;-0.7734830743;-0.0521914067
165.60254434;5.3139843745;-0.7832486993;-0.7832486993;-0.0654192713
166.26255448;5.2935221349;-0.7852447931;-0.7852447931;-0.0742786463
166.66256063;5.3274023432;-0.7852447931;-0.7852447931;-0.0742786463
167.14256801;5.3486783849;-0.8020013035;-0.8020013035;-0.0743033858
167.60257508;5.3723502599;-0.8096145848;-0.8096145848;-0.0925520838
168.10258276;5.3748893224;-0.8187981785;-0.8187981785;-0.0996783858
168.60259044;5.3650065099;-0.8273710952;-0.8273710952;-0.1095781254
169.10259813;5.3683854161;-0.835524741;-0.835524741;-0.1181015629
169.60260581;5.3841471349;-0.8419335952;-0.8419335952;-0.1257408858
170.1026135;5.3910611974;-0.8472734389;-0.8472734389;-0.1343763025
170.60262118;5.3449218745;-0.8544557306;-0.8544557306;-0.1463671879
171.10262886;5.3565039057;-0.8634101577;-0.8634101577;-0.1532356775
171.60263655;5.3649023432;-0.8708736993;-0.8708736993;-0.15968099
172.10264423;5.3858789057;-0.8767174493;-0.8767174493;-0.1666744796
172.60265192;5.4129166661;-0.8830364597;-0.8830364597;-0.1724596358
173.1026596;5.4387955724;-0.8890013035;-0.8890013035;-0.1783593754
173.60266728;5.4602604161;-0.8948294285;-0.8948294285;-0.1833580733
174.10267497;5.4741536453;-0.9005468764;-0.9005468764;-0.1872500004
174.60268265;5.4812304682;-0.9073229181;-0.9073229181;-0.1926419275
175.10269033;5.488430989;-0.9141848972;-0.9141848972;-0.1962643233
175.60269802;5.5025455724;-0.9208593764;-0.9208593764;-0.2006679691
176.1027057;5.5013020828;-0.928743491;-0.928743491;-0.2055039066
176.60271339;5.4745833328;-0.9363893243;-0.9363893243;-0.2130703129
177.10272107;5.4941731765;-0.9422369806;-0.9422369806;-0.2194765629
177.60272875;5.5163346349;-0.9491575535;-0.9491575535;-0.2247343754
178.10273644;5.5362630203;-0.9557317722;-0.9557317722;-0.230790365
178.60274412;5.4718554682;-0.9682161472;-0.9682161472;-0.2416796879
179.10275181;5.4643294265;-0.9752031264;-0.9752031264;-0.2493020837
179.60275949;5.4723958328;-0.9804283868;-0.9804283868;-0.2568294275
180.10276717;5.5018619786;-0.9882552097;-0.9882552097;-0.2623333337
180.60277486;5.5226757807;-0.9959648451;-0.9959648451;-0.2684101566
181.10278254;5.5362109369;-1.0033815118;-1.0033815118;-0.2746575525
181.60279023;5.5063932286;-1.0105807306;-1.0105807306;-0.2847018233
182.10279791;5.4808398432;-1.0155638035;-1.0155638035;-0.2955208337
182.60280559;5.4968424474;-1.0221770847;-1.0221770847;-0.3024934899
183.10281328;5.5159960932;-1.029196616;-1.029196616;-0.3090664066
183.60282096;5.5256445307;-1.0362682306;-1.0362682306;-0.3154401045
184.10282864;5.5381705723;-1.0424583347;-1.0424583347;-0.3222708337
184.60283633;5.5507226557;-1.0496627618;-1.0496627618;-0.3285039066
185.10284401;5.565774739;-1.056837241;-1.056837241;-0.3349596358
185.6028517;5.5786393223;-1.0642942722;-1.0642942722;-0.3398645837
186.10285938;5.5775455723;-1.0732734389;-1.0732734389;-0.3479440108
186.60286706;5.5786458328;-1.0807343764;-1.0807343764;-0.3549609379
187.10287475;5.5845898432;-1.0878567722;-1.0878567722;-0.3615091149
187.60288243;5.5878450515;-1.0967773451;-1.0967773451;-0.3685221358
188.10289012;5.5580078119;-1.1062421889;-1.1062421889;-0.3804856774
188.6028978;5.5843489578;-1.1113346368;-1.1113346368;-0.3865807295
189.10290548;5.6107096348;-1.1153880222;-1.1153880222;-0.3924335941
189.60291317;5.6283268223;-1.1139205743;-1.1139205743;-0.3979309899
190.10292085;5.6485156244;-1.1201054701;-1.1201054701;-0.4044244795
190.60292854;5.6590690098;-1.1257148451;-1.1257148451;-0.4114257816
191.10293622;5.6736523432;-1.1316627618;-1.1316627618;-0.4171497399
191.5829436;5.6879492182;-1.1373893243;-1.1373893243;-0.4225950524
192.08295128;5.704134114;-1.143416668;-1.143416668;-0.428369792
192.58295896;5.7209244786;-1.1497057305;-1.1497057305;-0.4344257816
193.08296665;5.7278580723;-1.1566067722;-1.1566067722;-0.4410325524
193.58297433;5.7410481765;-1.162682293;-1.162682293;-0.4473945316
194.08298201;5.7482682286;-1.1692148451;-1.1692148451;-0.4528320316
194.5829897;5.7467968744;-1.1771731785;-1.1771731785;-0.4596171878
195.08299738;5.7490624994;-1.1846718764;-1.1846718764;-0.4672903649
195.58300507;5.7346549473;-1.1941575535;-1.1941575535;-0.4762109378
196.08301275;5.7519335932;-1.2008815118;-1.2008815118;-0.4828841149
196.58302043;5.7608789057;-1.2080000014;-1.2080000014;-0.4896341149
197.08302812;5.7694010411;-1.2154049493;-1.2154049493;-0.4966067711
197.5830358;5.783196614;-1.2230052097;-1.2230052097;-0.5027890628
198.08304349;5.7964843744;-1.2295078139;-1.2295078139;-0.5092578128
198.56305086;5.8068098952;-1.2356809909;-1.2356809909;-0.516041667
199.08305885;5.8164518223;-1.2421835951;-1.2421835951;-0.5230820316
199.58306654;5.8261718744;-1.2492122409;-1.2492122409;-0.5293619795
200.08307422;5.8371419265;-1.2570937514;-1.2570937514;-0.5354739586
200.58308191;5.8465234369;-1.2643085951;-1.2643085951;-0.5420351566
201.08308959;5.8533268223;-1.2707213555;-1.2707213555;-0.5494075524
201.58309727;5.8588346348;-1.2782187514;-1.2782187514;-0.5562434899
202.08310496;5.8677994786;-1.2856419284;-1.2856419284;-0.5629309899
202.58311264;5.8722721348;-1.2938476576;-1.2938476576;-0.569917969
203.08312032;5.8858723952;-1.3003867201;-1.3003867201;-0.5773645836
203.58312801;5.8939583327;-1.3069960951;-1.3069960951;-0.5835065107
204.08313569;5.8640755202;-1.3151184909;-1.3151184909;-0.590510417
204.58314338;5.8217773432;-1.3241341159;-1.3241341159;-0.6012317711
205.08315106;5.7507161452;-1.333213543;-1.333213543;-0.6154713545
205.58315874;5.7595963536;-1.3391914076;-1.3391914076;-0.6233502607
206.08316643;5.794915364;-1.3459583347;-1.3459583347;-0.6296705732
206.58317411;5.8182291661;-1.3538177097;-1.3538177097;-0.6355494794
207.0831818;5.8429036452;-1.3613593763;-1.3613593763;-0.6415989586
207.58318948;5.8609374994;-1.3686132826;-1.3686132826;-0.6487851565
208.08319716;5.876634114;-1.3742265638;-1.3742265638;-0.6553072919
208.58320485;5.8895182286;-1.3788007826;-1.3788007826;-0.6615416669
209.08321253;5.8990039056;-1.3826158867;-1.3826158867;-0.6678619794
209.58322022;5.9090234369;-1.3872968763;-1.3872968763;-0.6738372399
210.0832279;5.9031054681;-1.3945130222;-1.3945130222;-0.6813958336
210.58323558;5.9183658848;-1.4009934909;-1.4009934909;-0.6875885419
211.08324327;5.9319726556;-1.4065507826;-1.4065507826;-0.6936562503
211.58325095;5.9458268223;-1.4118007826;-1.4118007826;-0.700574219
212.08325863;5.9594986973;-1.4178723971;-1.4178723971;-0.7068502607
212.58326632;5.9688867181;-1.4237304701;-1.4237304701;-0.7134088544
213.083274;5.973743489;-1.4290195326;-1.4290195326;-0.7206315107
213.58328169;5.9819791661;-1.4345898451;-1.4345898451;-0.7271354169
214.08328937;5.994134114;-1.4403437513;-1.4403437513;-0.7334036461
214.58329705;5.9948046869;-1.4484361992;-1.4484361992;-0.7402760419
215.08330474;6.0016796869;-1.4559205742;-1.4559205742;-0.7468411461
215.58331242;6.0105794265;-1.4631054701;-1.4631054701;-0.7538632815
216.08332011;6.0173697911;-1.4693450534;-1.4693450534;-0.7609036461
216.58332779;6.0214713536;-1.4753502617;-1.4753502617;-0.7682434898
217.08333547;6.0259179681;-1.4822252617;-1.4822252617;-0.7749049482
217.58334316;6.029759114;-1.487479168;-1.487479168;-0.7829361982
218.08335084;6.0467773431;-1.4929908867;-1.4929908867;-0.7903697919
218.58335852;6.0606249994;-1.4990078138;-1.4990078138;-0.7963372398
219.08336621;6.0747200515;-1.504807293;-1.504807293;-0.8027578127
219.58337389;6.0878906244;-1.510464845;-1.510464845;-0.8091276044
220.08338158;6.1008007806;-1.5161796888;-1.5161796888;-0.8155859377
220.58338926;6.1105794265;-1.5218346367;-1.5218346367;-0.8220052086
221.08339694;6.1221679681;-1.5273502617;-1.5273502617;-0.8280690106
221.58340463;6.131041666;-1.5327382825;-1.5327382825;-0.8346940106
222.08341231;6.1408268223;-1.5393593763;-1.5393593763;-0.8411328127
222.58342;6.1428710931;-1.5459531263;-1.5459531263;-0.8487994794
223.08342768;6.1230533848;-1.5513893242;-1.5513893242;-0.8597669273
223.58343536;6.1395312494;-1.5578346367;-1.5578346367;-0.8657109377
224.08344305;6.1539453119;-1.5640572929;-1.5640572929;-0.8718033856
224.58345073;6.1422070306;-1.5736783867;-1.5736783867;-0.8790403648
225.08345842;6.1607421869;-1.5804947929;-1.5804947929;-0.885700521
225.5834661;6.1799609369;-1.5866028658;-1.5866028658;-0.8914062502
226.08347378;6.1940039056;-1.5925078138;-1.5925078138;-0.897230469
226.58348147;6.208274739;-1.5983593763;-1.5983593763;-0.9028984377
227.08348915;6.2215624994;-1.60323047;-1.60323047;-0.9096705731
227.58349683;6.2353255202;-1.6092109388;-1.6092109388;-0.9157734377
228.08350452;6.2452929681;-1.6156328138;-1.6156328138;-0.9207539065
228.5835122;6.2519401035;-1.6209882825;-1.6209882825;-0.9269700523
229.08351989;6.1312955723;-1.6302903658;-1.6302903658;-0.9406106773
229.58352757;6.1391210931;-1.6376718763;-1.6376718763;-0.9481510419
230.08353525;6.1628776035;-1.6446901054;-1.6446901054;-0.9551705731
230.58354294;6.1855598952;-1.65169922;-1.65169922;-0.9618138023
231.08355062;6.2034049473;-1.6583476575;-1.6583476575;-0.9681302085
231.58355831;6.2211718744;-1.6650533867;-1.6650533867;-0.9746471356
232.08356599;6.2418489577;-1.6718203137;-1.6718203137;-0.9811940106
232.58357367;6.2618098952;-1.6786250012;-1.6786250012;-0.9873945314
233.08358136;6.2758789056;-1.6850039075;-1.6850039075;-0.9939179689
233.58358904;6.2898437494;-1.6911497408;-1.6911497408;-1.0002096356
234.08359673;6.2974674473;-1.6981757825;-1.6981757825;-1.0060768231
234.58360441;6.3141927077;-1.7042708346;-1.7042708346;-1.0125026044
235.08361209;6.3294856764;-1.7110351575;-1.7110351575;-1.0176471356
235.58361978;6.3239192702;-1.7172695325;-1.7172695325;-1.0203697919
236.08362746;6.279557291;-1.7190533867;-1.7190533867;-1.0186888023
236.58363514;6.2527278639;-1.7194570325;-1.7194570325;-1.0187825523
237.08364283;6.2765429681;-1.7247226575;-1.7247226575;-1.0211497398
237.58365051;6.3021093744;-1.7304075533;-1.7304075533;-1.0254570315
238.0836582;6.3234049473;-1.7364309908;-1.7364309908;-1.030246094
238.58366588;6.3376106764;-1.7415950533;-1.7415950533;-1.0362096356
239.08367356;6.3449153639;-1.7482552096;-1.7482552096;-1.042777344
239.58368125;6.2705273431;-1.7604153658;-1.7604153658;-1.055839844
240.08368893;6.2742773431;-1.7622356783;-1.7622356783;-1.0672643231
240.58369662;6.2955468744;-1.7655859387;-1.7655859387;-1.0752408856
241.0837043;6.3199674473;-1.77094922;-1.77094922;-1.0814127606
241.58371198;6.3384765619;-1.7757174491;-1.7757174491;-1.0869244794
242.08371967;6.3454557285;-1.7800494804;-1.7800494804;-1.0949830731
242.58372735;6.3662890619;-1.7847513033;-1.7847513033;-1.1016718752
243.08373503;6.3720898431;-1.7891705741;-1.7891705741;-1.1087734377
243.58374272;6.3250716139;-1.8017330741;-1.8017330741;-1.1190703127
244.0837504;6.3509960931;-1.8054947929;-1.8054947929;-1.1260182294
244.58375809;6.3762695306;-1.8096575533;-1.8096575533;-1.133153646
245.08376577;6.3921158848;-1.8151289075;-1.8151289075;-1.1404986981
245.58377345;6.4074739577;-1.8197200533;-1.8197200533;-1.1472304689
246.08378114;6.4237304681;-1.8246796887;-1.8246796887;-1.1537695314
246.58378882;6.4401106764;-1.8296979179;-1.8296979179;-1.1602291669
247.08379651;6.4546940098;-1.8350481783;-1.8350481783;-1.1664010419
247.58380419;6.4679687493;-1.8405104179;-1.8405104179;-1.172231771
248.08381187;6.4810742181;-1.8453658866;-1.8453658866;-1.1781210939
248.58381956;6.4932031243;-1.8514479179;-1.8514479179;-1.1834440106
249.08382724;6.5073111973;-1.8564218762;-1.8564218762;-1.1900625002
249.58383493;6.5210611973;-1.86194922;-1.86194922;-1.196325521
250.08384261;6.5294986973;-1.8743619804;-1.8743619804;-1.2020429689
250.58385029;6.5227083327;-1.881528647;-1.881528647;-1.2076653648
251.08385798;6.5327734368;-1.8867669283;-1.8867669283;-1.2132135418
251.58386566;6.5438932285;-1.8923007824;-1.8923007824;-1.2192083335
252.08387334;6.5571419264;-1.8983320324;-1.8983320324;-1.2248372398
252.58388103;6.5698372389;-1.9033802095;-1.9033802095;-1.2313177085
253.08388871;6.5448632806;-1.908544272;-1.908544272;-1.2397460939
253.5838964;6.5601236972;-1.9144492199;-1.9144492199;-1.2461601564
254.08390408;6.576354166;-1.9202981783;-1.9202981783;-1.2525325523
254.58391176;6.5931380202;-1.926231772;-1.926231772;-1.2591028647
255.08391945;6.6109700514;-1.9314934908;-1.9314934908;-1.2657200522
255.58392713;6.6237044264;-1.936184897;-1.936184897;-1.2713736981
256.08393482;6.6358203118;-1.9413606783;-1.9413606783;-1.2779856772
256.5839425;6.6477669264;-1.9468828137;-1.9468828137;-1.284231771
257.08395018;6.6605664056;-1.9523138033;-1.9523138033;-1.2907890627
257.58395787;6.6754036452;-1.9555455741;-1.9555455741;-1.2972044272
258.08396555;6.6859179681;-1.9613789074;-1.9613789074;-1.3030325522
258.58397323;6.6933528639;-1.9665898449;-1.9665898449;-1.3101367189
259.08398092;6.6703971347;-1.9747382824;-1.9747382824;-1.3204908856
259.5839886;6.6871158847;-1.9815091158;-1.9815091158;-1.3268515626
260.08399629;6.7039062493;-1.9867773449;-1.9867773449;-1.3340429689
260.58400397;6.7122330722;-1.9928059907;-1.9928059907;-1.3403320314
261.08401165;6.7052994785;-1.9980742199;-1.9980742199;-1.3483059897
261.58401934;6.7139518222;-2.0055338553;-2.0055338553;-1.3555338543
262.08402702;6.7277539056;-2.0092070324;-2.0092070324;-1.3623281251
262.58403471;6.7345377597;-2.0138203137;-2.0138203137;-1.3701197918
263.08404239;6.7207421868;-2.0188320324;-2.0188320324;-1.3795820314
263.58405007;6.7374414056;-2.0251302095;-2.0251302095;-1.3864791668
264.08405776;6.7548632806;-2.0312200532;-2.0312200532;-1.393231771
264.58406544;6.7694856764;-2.036466147;-2.036466147;-1.4008320314
265.08407313;6.7855794264;-2.0427408866;-2.0427408866;-1.4073385418
265.58408081;6.7978450514;-2.0485559907;-2.0485559907;-1.4134882814
266.08408849;6.810494791;-2.0541940116;-2.0541940116;-1.4198489585
266.58409618;6.8254427076;-2.0597682303;-2.0597682303;-1.4267122397
267.08410386;6.8385807285;-2.065872397;-2.065872397;-1.4331679689
267.58411154;6.8529361972;-2.0715859386;-2.0715859386;-1.439950521
268.08411923;6.8640364576;-2.077419272;-2.077419272;-1.4462083335
268.58412691;6.8726692701;-2.0830898449;-2.0830898449;-1.4526028647
269.0841346;6.8850846347;-2.0890950532;-2.0890950532;-1.4591067709
269.58414228;6.8983463535;-2.0945520845;-2.0945520845;-1.4664921876
270.08414996;6.9105078118;-2.1001588553;-2.1001588553;-1.4732721355
270.58415765;6.9189127597;-2.1062304699;-2.1062304699;-1.4792356772
271.08416533;6.9295833326;-2.1117877616;-2.1117877616;-1.4857851564
271.58417302;6.9391731764;-2.117841147;-2.117841147;-1.4920169272
272.0841807;6.9523893222;-2.1236119803;-2.1236119803;-1.4991302084
272.58418838;6.960182291;-2.1290989595;-2.1290989595;-1.5065260418
273.08419607;6.970292968;-2.1353619803;-2.1353619803;-1.5133684897
273.58420375;6.9802018222;-2.140951824;-2.140951824;-1.5202265626
274.08421144;6.9857682285;-2.1458802095;-2.1458802095;-1.5279348959
274.58421912;6.9972981764;-2.150856772;-2.150856772;-1.5353151043
275.0842268;7.006152343;-2.1560078136;-2.1560078136;-1.5423528647
275.58423449;7.0044726555;-2.1619908865;-2.1619908865;-1.5449440105
276.08424217;7.0041471347;-2.1661783865;-2.1661783865;-1.5476497397
276.58424985;7.0138802076;-2.1719960949;-2.1719960949;-1.5512630209
277.08425754;7.0138411451;-2.1779166678;-2.1779166678;-1.550029948
277.58426522;7.0176757805;-2.1824895844;-2.1824895844;-1.551436198
278.08427291;7.0214257805;-2.1872812511;-2.1872812511;-1.5545690105
278.58428059;7.0278776034;-2.1926888032;-2.1926888032;-1.5586614584
279.08428827;7.0278971347;-2.2011210949;-2.2011210949;-1.5646562501
279.58429596;7.0428450514;-2.2070716157;-2.2070716157;-1.570420573
280.08430364;7.0487825514;-2.2130117199;-2.2130117199;-1.5770286459
280.58431133;7.0554036451;-2.2194101574;-2.2194101574;-1.5838333334
281.08431901;7.0681380201;-2.2253671886;-2.2253671886;-1.5900651042
281.58432669;7.0827278639;-2.2316419282;-2.2316419282;-1.5960169272
282.08433438;7.0967903639;-2.2377708344;-2.2377708344;-1.6022630209
282.58434206;7.1052864576;-2.242623699;-2.242623699;-1.6088489584
283.08434974;7.1094726555;-2.2469179699;-2.2469179699;-1.6148151042
283.58435743;7.1175130201;-2.2517239594;-2.2517239594;-1.6208372397
284.08436511;7.1303645826;-2.2570130219;-2.2570130219;-1.627092448
284.5843728;7.1404817701;-2.263154949;-2.263154949;-1.6333294272
285.08438048;7.1534049472;-2.2690026053;-2.2690026053;-1.6398528647
285.58438816;7.1645312493;-2.2751927094;-2.2751927094;-1.6453320313
286.08439585;7.174902343;-2.2808658865;-2.2808658865;-1.6515885417
286.58440353;7.1891536451;-2.2869062511;-2.2869062511;-1.6577565105
287.08441122;7.2023437493;-2.2929804698;-2.2929804698;-1.6636822917
287.5844189;7.2138476555;-2.298483074;-2.298483074;-1.6698697917
288.08442658;7.2254231763;-2.3039375011;-2.3039375011;-1.6758098959
288.58443427;7.2348567701;-2.3091640636;-2.3091640636;-1.6818333334
289.08444195;7.2467968743;-2.3145104178;-2.3145104178;-1.6878932292
289.58444964;7.2567122388;-2.3199492198;-2.3199492198;-1.693904948
290.08445732;7.2492447909;-2.3254257823;-2.3254257823;-1.7005221355
290.584465;7.246386718;-2.3314257823;-2.3314257823;-1.7068307292
291.08447269;7.2491536451;-2.3371848969;-2.3371848969;-1.7128567709
291.58448037;7.2614062493;-2.3424869802;-2.3424869802;-1.7189427084
292.08448805;7.2679752597;-2.3459921886;-2.3459921886;-1.7242617188
292.58449574;7.274824218;-2.3495234386;-2.3495234386;-1.729390625
293.08450342;7.2638671868;-2.3515872407;-2.3515872407;-1.7321940105
293.58451111;7.2747656243;-2.3546718761;-2.3546718761;-1.7376614584
294.08451879;7.2886263013;-2.3588945323;-2.3588945323;-1.7436744792
294.58452647;7.3026562493;-2.3639127615;-2.3639127615;-1.749734375
295.08453416;7.3151953118;-2.3688229177;-2.3688229177;-1.755904948
295.58454184;7.3277669263;-2.374311199;-2.374311199;-1.7617291667
296.08454953;7.3392252597;-2.3800325531;-2.3800325531;-1.7672825521
296.58455721;7.3427473951;-2.3845312511;-2.3845312511;-1.7715520834
297.08456489;7.3554427076;-2.3898554698;-2.3898554698;-1.776875
297.58457258;7.3677864576;-2.395061199;-2.395061199;-1.7825520834
298.08458026;7.3767708326;-2.4002812511;-2.4002812511;-1.7883072917
298.58458795;7.3885677076;-2.4051354177;-2.4051354177;-1.7939895834
299.08459563;7.4000716138;-2.4093489594;-2.4093489594;-1.8002057292
299.58460331;7.4133789055;-2.4153515636;-2.4153515636;-1.8063619792
300.084611;7.4222070305;-2.4208684906;-2.4208684906;-1.8122942709
300.58461868;7.4334244784;-2.4266953136;-2.4266953136;-1.818296875
301.08462636;7.4427083326;-2.4323841156;-2.4323841156;-1.8244361979
301.58463405;7.4566861972;-2.4381992198;-2.4381992198;-1.8309348959
302.08464173;7.4693684888;-2.4442890635;-2.4442890635;-1.8372434896
302.58464942;7.4781770826;-2.4498815115;-2.4498815115;-1.8436367188
303.0846571;7.4879427076;-2.4555807302;-2.4555807302;-1.8496445313
303.58466478;7.4987890617;-2.4615377615;-2.4615377615;-1.855984375
304.08467247;7.5112044263;-2.4677578135;-2.4677578135;-1.8625260417
304.58468015;7.5198632805;-2.4739596365;-2.4739596365;-1.869125
305.08468784;7.5291080722;-2.4801471365;-2.4801471365;-1.8751197917
305.58469552;7.5370768221;-2.4859726573;-2.4859726573;-1.8812526042
306.0847032;7.548183593;-2.4917539073;-2.4917539073;-1.8875039063
306.58471089;7.5603450513;-2.4979270844;-2.4979270844;-1.8939322917
307.08471857;7.5094205721;-2.5063867198;-2.5063867198;-1.9031289062
307.58472625;7.5186718742;-2.5135039073;-2.5135039073;-1.9101627604
308.08473394;7.5375520826;-2.5197617198;-2.5197617198;-1.9168606771
308.58474162;7.5526041659;-2.5265690114;-2.5265690114;-1.9229427083
309.08474931;7.5676171867;-2.5329895844;-2.5329895844;-1.9293828125
309.58475699;7.5829687492;-2.5392630219;-2.5392630219;-1.9358242187
310.08476467;7.5948372388;-2.5451914073;-2.5451914073;-1.9417513021
310.58477236;7.6060286451;-2.5511354177;-2.5511354177;-1.9476783854
311.08478004;7.6169596346;-2.5564947927;-2.5564947927;-1.9544140625
311.58478773;7.6306966138;-2.5629075531;-2.5629075531;-1.9603020833
312.08479541;7.6443749992;-2.568921876;-2.568921876;-1.9665742187
312.58480309;7.6553450513;-2.5748346364;-2.5748346364;-1.9726809896
313.08481078;7.6648437492;-2.5809492198;-2.5809492198;-1.9782382812
313.58481846;7.6777994784;-2.5866002614;-2.5866002614;-1.9848111979
314.08482615;7.6909830721;-2.5927539073;-2.5927539073;-1.9910091146
314.58483383;7.7008463534;-2.598609376;-2.598609376;-1.99740625
315.08484151;7.713339843;-2.604671876;-2.604671876;-2.0033632812
315.5848492;7.7230208325;-2.6105859385;-2.6105859385;-2.0094140625
316.08485688;7.7337825513;-2.6168033864;-2.6168033864;-2.0152304687
316.58486456;7.7475651034;-2.6226822927;-2.6226822927;-2.021859375
317.08487225;7.7570507805;-2.6286054698;-2.6286054698;-2.0281471354
317.58487993;7.7675065096;-2.6345208343;-2.6345208343;-2.0339466145
318.08488762;7.7761002596;-2.6405546885;-2.6405546885;-2.0406549479
318.5848953;7.7871093742;-2.646390626;-2.646390626;-2.047079427
319.08490298;7.7990169263;-2.6527408864;-2.6527408864;-2.0535273437
319.58491067;7.8094270825;-2.6589882822;-2.6589882822;-2.0596458333
320.08491835;7.8196419263;-2.6648684906;-2.6648684906;-2.0658645833
320.58492604;7.8293945304;-2.6706119802;-2.6706119802;-2.0721601562
321.08493372;7.8390690096;-2.6765494802;-2.6765494802;-2.0787838541
321.5849414;7.8513476555;-2.6827278656;-2.6827278656;-2.0851367187
322.08494909;7.8628124992;-2.6889869802;-2.6889869802;-2.0914127604
322.58495677;7.8730468742;-2.6947226572;-2.6947226572;-2.0977265624
323.08496446;7.8822981763;-2.7010598968;-2.7010598968;-2.1038046874
323.58497214;7.8950651034;-2.7073020843;-2.7073020843;-2.1101953124
324.08497982;7.9090820304;-2.7134335947;-2.7134335947;-2.1167799479
324.58498751;7.9200651034;-2.7195846364;-2.7195846364;-2.1231471354
325.08499519;7.9306510409;-2.725625001;-2.725625001;-2.1294270833
325.58500287;7.9403059888;-2.7308072926;-2.7308072926;-2.1355898437
326.08501056;7.9504947909;-2.7369960947;-2.7369960947;-2.1420221354
326.58501824;7.9622200513;-2.7437382822;-2.7437382822;-2.1486380208
327.08502593;7.9739843742;-2.7574453135;-2.7574453135;-2.1550299479
327.58503361;7.9762499992;-2.7646132822;-2.7646132822;-2.1615117187
328.08504129;7.9821874992;-2.7713242197;-2.7713242197;-2.1681874999
328.58504898;7.9952669263;-2.7774570322;-2.7774570322;-2.1745143228
329.08505666;8.0084570304;-2.7836614593;-2.7836614593;-2.1811119791
329.58506435;8.0202539054;-2.7896132822;-2.7896132822;-2.1873411458
330.08507203;8.0294791659;-2.7953658864;-2.7953658864;-2.1934778645
330.58507971;8.0398828117;-2.8014361989;-2.8014361989;-2.1993645833
331.0850874;8.0508789054;-2.8074088551;-2.8074088551;-2.2059687499
331.58509508;8.0639518221;-2.813923178;-2.813923178;-2.2120677083
332.08510276;8.0771614575;-2.8202447926;-2.8202447926;-2.2182018228
332.58511045;8.0858333325;-2.8256276051;-2.8256276051;-2.2248072916
333.08511813;8.0953906242;-2.8314296884;-2.8314296884;-2.2309947916
333.58512582;8.1049609367;-2.8373125009;-2.8373125009;-2.2376067707
334.0851335;8.1183984367;-2.8442968759;-2.8442968759;-2.2440963541
334.58514118;8.1314713533;-2.8504440114;-2.8504440114;-2.2502317707
335.08514887;8.1397591138;-2.8582552093;-2.8582552093;-2.2563932291
335.58515655;8.1517057283;-2.8650703134;-2.8650703134;-2.2627304687
336.08516424;8.1603580721;-2.8708697926;-2.8708697926;-2.2691979166
336.58517192;8.1738281242;-2.8771822926;-2.8771822926;-2.2758893228
337.0851796;8.1826367179;-2.8836093759;-2.8836093759;-2.2822096353
337.58518729;8.1932486971;-2.8897578134;-2.8897578134;-2.2885416666
338.08519497;8.2024544262;-2.896032553;-2.896032553;-2.2947526041
338.58520266;8.2144791658;-2.9021549488;-2.9021549488;-2.3011054687
339.08521034;8.2255013012;-2.9083372405;-2.9083372405;-2.3075559895
339.58521802;8.2354166658;-2.9144192718;-2.9144192718;-2.3139296874
340.08522571;8.2466341137;-2.9204674488;-2.9204674488;-2.3200039061
340.58523339;8.2560677075;-2.9265091155;-2.9265091155;-2.3260885416
341.08524107;8.2682031242;-2.9322955738;-2.9322955738;-2.3327929686
341.58524876;8.2775065096;-2.9389023447;-2.9389023447;-2.3389127603
342.08525644;8.2894335929;-2.9450494801;-2.9450494801;-2.3452109374
342.58526413;8.2972916658;-2.9507916676;-2.9507916676;-2.3515195311
343.08527181;8.307591145;-2.9567734384;-2.9567734384;-2.3575624999
343.58527949;8.3169726554;-2.9629622405;-2.9629622405;-2.3639713541
344.08528718;8.330091145;-2.9692343759;-2.9692343759;-2.3705820311
344.58529486;8.3391796866;-2.9751523447;-2.9751523447;-2.3767929686
345.08530255;8.3492838533;-2.9805559905;-2.9805559905;-2.3833281249
345.58531023;8.3580794262;-2.9866927092;-2.9866927092;-2.3894270832
346.08531791;8.3695377596;-2.993001303;-2.993001303;-2.395641927
346.5853256;8.380403645;-2.9991783863;-2.9991783863;-2.4023893228
347.08533328;8.3920963533;-3.0051315113;-3.0051315113;-2.4089322915
347.58534097;8.3999674471;-3.010845053;-3.010845053;-2.4150585936
348.08534865;8.4105533846;-3.0169921884;-3.0169921884;-2.4212877603
348.58535633;8.4203450512;-3.0231367197;-3.0231367197;-2.4275989582
349.08536402;8.4332291658;-3.0296992196;-3.0296992196;-2.4337499999
349.5853717;8.4437565096;-3.0356770842;-3.0356770842;-2.4405364582
350.08537938;8.4530403637;-3.0415742196;-3.0415742196;-2.4467786457
350.58538707;8.4623632804;-3.0476119801;-3.0476119801;-2.4528945311
351.08539475;8.4748372387;-3.0538333342;-3.0538333342;-2.4593111978
351.58540244;8.4869010408;-3.0596796884;-3.0596796884;-2.4658815103
352.08541012;8.4951953116;-3.0657630217;-3.0657630217;-2.4721367186
352.5854178;8.5061523429;-3.0723802092;-3.0723802092;-2.4777070311
353.08542549;8.5154231762;-3.0784674488;-3.0784674488;-2.4838190103
353.58543317;8.5260807283;-3.0843281259;-3.0843281259;-2.4906028644
354.08544086;8.5352669262;-3.0912304696;-3.0912304696;-2.4967265623
354.58544854;8.5453841137;-3.0976302092;-3.0976302092;-2.5026041665
355.08545622;8.5558072908;-3.1041783863;-3.1041783863;-2.5086796873
355.58546391;8.5642838533;-3.1108059905;-3.1108059905;-2.5147096353
356.08547159;8.5766666658;-3.1175364592;-3.1175364592;-2.520908854
356.58547927;8.5882877595;-3.1243854175;-3.1243854175;-2.5272304686
357.08548696;8.5975911449;-3.130813803;-3.130813803;-2.5335143228
357.58549464;8.6044921866;-3.1378085946;-3.1378085946;-2.5388880207
358.08550233;8.6149934887;-3.14436198;-3.14436198;-2.5453372394
358.58551001;8.6256119783;-3.1500065113;-3.1500065113;-2.5526966144
359.08551769;8.6376367179;-3.1569765634;-3.1569765634;-2.5587187498
359.58552538;8.6471289054;-3.1634335946;-3.1634335946;-2.564893229
360.08553306;8.6566796866;-3.1691302092;-3.1691302092;-2.5715885415
360.58554075;8.6650065095;-3.1758085946;-3.1758085946;-2.5773749998
361.08554843;8.6787630199;-3.1824036467;-3.1824036467;-2.5839388019
361.58555611;8.6911783845;-3.1888398446;-3.1888398446;-2.5905065102
362.0855638;8.6994726554;-3.1946848967;-3.1946848967;-2.597002604
362.58557148;8.7081249991;-3.2011002613;-3.2011002613;-2.6029843748
363.08557917;8.7186848949;-3.2072877613;-3.2072877613;-2.6091549477
363.58558685;8.7264908845;-3.2139583342;-3.2139583342;-2.6154505207
364.08559453;8.7378320304;-3.2194960946;-3.2194960946;-2.6228294269
364.58560222;8.7461523429;-3.2257239592;-3.2257239592;-2.6288789061
365.0856099;8.7521223949;-3.2317760425;-3.2317760425;-2.6353450519
365.58561758;8.7592252595;-3.23789323;-3.23789323;-2.642065104
366.08562527;8.7686458324;-3.2441093758;-3.2441093758;-2.6491914061
366.58563295;8.7804947908;-3.2507968758;-3.2507968758;-2.6556210936
367.08564064;8.7883593741;-3.2569257821;-3.2569257821;-2.6622499998
367.58564832;8.7951497387;-3.2607825529;-3.2607825529;-2.6692460936
368.085656;8.8029101554;-3.2658437508;-3.2658437508;-2.6761940102
368.58566369;8.8103906241;-3.2719700529;-3.2719700529;-2.6829596352
369.08567137;8.8199934887;-3.2778632821;-3.2778632821;-2.6896601561
369.58567906;8.8266145824;-3.2843111988;-3.2843111988;-2.6964674477
370.08568674;8.8331184887;-3.2900117196;-3.2900117196;-2.703082031
370.58569442;8.8442968741;-3.2959609383;-3.2959609383;-2.709550781
371.08570211;8.8570572908;-3.3025533862;-3.3025533862;-2.7163216144
371.58570979;8.8648046866;-3.3100351571;-3.3100351571;-2.7231809894
372.08571748;8.8736718741;-3.31617448;-3.31617448;-2.7295091144
372.58572516;8.883951822;-3.3221888029;-3.3221888029;-2.7359583331
373.08573284;8.8923958324;-3.3280195321;-3.3280195321;-2.7425468748
373.58574053;8.9047656241;-3.3341002612;-3.3341002612;-2.7492018227
374.08574821;8.9146289053;-3.3404505217;-3.3404505217;-2.7556236977
374.58575589;8.9236848949;-3.3461458342;-3.3461458342;-2.7618580727
375.08576358;8.9326497387;-3.3519062508;-3.3519062508;-2.7681210935
375.58577126;8.9426367178;-3.3577552091;-3.3577552091;-2.7744856769
376.08577895;8.9541731762;-3.3638138029;-3.3638138029;-2.7809791664
376.58578663;8.9057942699;-3.3576471362;-3.3576471362;-2.781816406
377.08579431;8.9135221345;-3.3597161466;-3.3597161466;-2.785816406
377.585802;8.9268684887;-3.3640533862;-3.3640533862;-2.7907708331
378.08580968;8.9404492178;-3.3693710946;-3.3693710946;-2.7964895831
378.58581737;8.9543489574;-3.375065105;-3.375065105;-2.8025494789
379.08582505;8.9558593741;-3.3806406258;-3.3806406258;-2.8089348956
379.58583273;8.9663411449;-3.3864257821;-3.3864257821;-2.815035156
380.08584042;8.974108072;-3.3917760425;-3.3917760425;-2.8207864581
380.5858481;8.9851497387;-3.3970716154;-3.3970716154;-2.826488281
381.08585578;8.9953385407;-3.4028190112;-3.4028190112;-2.8326106768
381.58586347;9.0080468741;-3.4083867196;-3.4083867196;-2.8385104164
382.08587115;9.0164973949;-3.4136848966;-3.4136848966;-2.8442812498
382.58587884;9.0274999991;-3.4194570321;-3.4194570321;-2.8504453123
383.08588652;9.0369335928;-3.4250429695;-3.4250429695;-2.856535156
383.5858942;9.0496223949;-3.4309023445;-3.4309023445;-2.8627526039
384.08590189;9.0613346345;-3.4368502612;-3.4368502612;-2.8688710935
384.58590957;9.0698697907;-3.4427278654;-3.4427278654;-2.8746197914
385.08591726;9.0783984366;-3.4484492195;-3.4484492195;-2.8805546872
385.58592494;9.0893033845;-3.4538919279;-3.4538919279;-2.8870559893
386.08593262;9.0967252595;-3.4591575529;-3.4591575529;-2.8932734372
386.58594031;9.1037695303;-3.4638880216;-3.4638880216;-2.8989778643
387.08594799;9.1014062491;-3.4671380216;-3.4671380216;-2.9028906247
387.58595568;9.1054947907;-3.4714466154;-3.4714466154;-2.9077460935
388.08596336;9.1170182282;-3.4766888029;-3.4766888029;-2.9132265622
388.58597104;9.1260742178;-3.4824908862;-3.4824908862;-2.9190807289
389.08597873;9.1380338532;-3.4886028654;-3.4886028654;-2.9248020831
389.58598641;9.1491666657;-3.4942291674;-3.4942291674;-2.9306692706
390.08599409;9.1583333324;-3.5003281258;-3.5003281258;-2.9366861977
390.58600178;9.1705794262;-3.5062421883;-3.5062421883;-2.942878906
391.08600946;9.1800651032;-3.5121354174;-3.5121354174;-2.9493984372
391.58601715;9.1918229157;-3.5184505216;-3.5184505216;-2.9555598956
392.08602483;9.2011132803;-3.5245052091;-3.5245052091;-2.9615026039
392.58603251;9.2123437491;-3.5305651049;-3.5305651049;-2.9676796872
393.0860402;9.2240820303;-3.5366054695;-3.5366054695;-2.9744999997
393.58604788;9.2335481761;-3.5428776049;-3.5428776049;-2.9809114581
394.08605557;9.2461588532;-3.548816407;-3.548816407;-2.9876406247
394.58606325;9.2543554678;-3.5554062508;-3.5554062508;-2.9931536456
395.08607093;9.2660091136;-3.5612747403;-3.5612747403;-2.9999661456
395.58607862;9.2756966136;-3.5677617195;-3.5677617195;-3.0063802081
396.0860863;9.2885221345;-3.5742877612;-3.5742877612;-3.0128411456
396.58609399;9.297109374;-3.5806302091;-3.5806302091;-3.019130208
397.08610167;9.3061848949;-3.5868580737;-3.5868580737;-3.025425781
397.58610935;9.3153515615;-3.5931171883;-3.5931171883;-3.0317799476
398.08611704;9.3278059886;-3.5997721362;-3.5997721362;-3.0384713539
398.58612472;9.3336588532;-3.607253907;-3.607253907;-3.0456015622
399.0861324;9.344029947;-3.6136875008;-3.6136875008;-3.0520755205
399.58614009;9.3544401032;-3.619925782;-3.619925782;-3.0584309893
400.08614777;9.3635481761;-3.6262630216;-3.6262630216;-3.0648619789
400.58615546;9.3724088532;-3.6327877612;-3.6327877612;-3.0714986976
401.08616314;9.3849804678;-3.6394270841;-3.6394270841;-3.0782421872
401.58617082;9.3944270824;-3.6457408862;-3.6457408862;-3.0847018226
402.08617851;9.4033072907;-3.6519192716;-3.6519192716;-3.0908971351
402.58618619;9.4118229157;-3.6582421882;-3.6582421882;-3.0975533851
403.08619388;9.4213476553;-3.6647200528;-3.6647200528;-3.104255208
403.58620156;9.4327408845;-3.6712356778;-3.6712356778;-3.1110611976
404.08620924;9.4444140615;-3.6776770841;-3.6776770841;-3.1177591143
404.58621693;9.453248697;-3.6838763028;-3.6838763028;-3.1239752601
405.08622461;9.4609635407;-3.6900989591;-3.6900989591;-3.1306041664
405.58623229;9.4730924469;-3.6965117195;-3.6965117195;-3.1373307289
406.08623998;9.4808854157;-3.7028710945;-3.7028710945;-3.1440429684
406.58624766;9.4912239574;-3.7091015632;-3.7091015632;-3.1505937497
407.08625535;9.5014322907;-3.715378907;-3.715378907;-3.1570533851
407.58626303;9.5105403636;-3.7227213549;-3.7227213549;-3.1636080726
408.08627071;9.5220833324;-3.728675782;-3.728675782;-3.1705611976
408.5862784;9.5322200511;-3.735238282;-3.735238282;-3.1774479163
409.08628608;9.5419140615;-3.7417994799;-3.7417994799;-3.1836588538
409.58629377;9.5524804678;-3.7478281257;-3.7478281257;-3.1903138018
410.08630145;9.5622330719;-3.7544361986;-3.7544361986;-3.1968554684
410.58630913;9.5729947907;-3.7608437507;-3.7608437507;-3.203505208
411.08631682;9.5834570303;-3.7638463549;-3.7638463549;-3.2103789059
411.5863245;9.5923046865;-3.7704388028;-3.7704388028;-3.217005208
412.08633218;9.6020768219;-3.7766653653;-3.7766653653;-3.223458333
412.58633987;9.6111197907;-3.7830742195;-3.7830742195;-3.2300312497
413.08634755;9.6220247386;-3.7897291674;-3.7897291674;-3.2368515622
413.58635524;9.6303776032;-3.7963906257;-3.7963906257;-3.2437122392
414.08636292;9.6428450511;-3.8030455736;-3.8030455736;-3.2506106767
414.5863706;9.6520117178;-3.8093450528;-3.8093450528;-3.2570351559
415.08637829;9.6604166657;-3.8156783861;-3.8156783861;-3.2636184892
415.58638597;9.6714453115;-3.8224205736;-3.8224205736;-3.2704804684
416.08639366;9.6807552073;-3.8290898444;-3.8290898444;-3.2772018226
416.58640134;9.6901432282;-3.8354960944;-3.8354960944;-3.2837057288
417.08640902;9.6998697907;-3.8418906257;-3.8418906257;-3.2902968746
417.58641671;9.7084309886;-3.8482369799;-3.8482369799;-3.296786458
418.08642439;9.7180859365;-3.8547630215;-3.8547630215;-3.3035182288
418.58643208;9.7286783844;-3.8615729174;-3.8615729174;-3.3103606767
419.08643976;9.7358854157;-3.8679062507;-3.8679062507;-3.3169921871
419.58644744;9.7444921865;-3.8743294278;-3.8743294278;-3.3237148434
420.08645513;9.7543554678;-3.880833334;-3.880833334;-3.3304986976
420.58646281;9.7637044261;-3.8874375007;-3.8874375007;-3.3373085934
421.08647049;9.7745768219;-3.8940078132;-3.8940078132;-3.3443320309
421.58647818;9.7834244782;-3.9001588548;-3.9001588548;-3.3508632809
422.08648586;9.7910742177;-3.9061992194;-3.9061992194;-3.3573294267
422.58649355;9.8018489573;-3.9124648444;-3.9124648444;-3.3640638017
423.08650123;9.8107682282;-3.9189388028;-3.9189388028;-3.3710572913
423.58650891;9.8204361969;-3.9252929694;-3.9252929694;-3.3777669267
424.0865166;9.8311523427;-3.9315169278;-3.9315169278;-3.3844244788
424.58652428;9.8381184886;-3.9376875007;-3.9376875007;-3.3910638017
425.08653197;9.8457747386;-3.9437109382;-3.9437109382;-3.3977304684
425.58653965;9.8580533844;-3.9503385423;-3.9503385423;-3.4044999996
426.08654733;9.8671289052;-3.9567369798;-3.9567369798;-3.4113606767
426.58655502;9.8753515615;-3.9626445319;-3.9626445319;-3.4176223954
427.0865627;9.8856770823;-3.9686223965;-3.9686223965;-3.4240898434
427.58657039;9.8932421865;-3.9746393236;-3.9746393236;-3.4305494788
428.08657807;9.9009505198;-3.9805807298;-3.9805807298;-3.4371106767
428.58658575;9.9081445302;-3.9862291673;-3.9862291673;-3.4435963538
429.08659344;9.9142252594;-3.991833334;-3.991833334;-3.4498932288
429.58660112;9.9198632802;-3.9978593757;-3.9978593757;-3.4564335934
430.0866088;9.9258138011;-4.0041901048;-4.0041901048;-3.4632356767
430.58661649;9.9347005198;-4.0106197923;-4.0106197923;-3.4700638017
431.08662417;9.941874999;-4.0169700527;-4.0169700527;-3.4767135413
431.58663186;9.9485481761;-4.0231210944;-4.0231210944;-3.4831562496
432.08663954;9.9560872386;-4.0291822923;-4.0291822923;-3.4895286454
432.58664722;9.962890624;-4.0358346361;-4.0358346361;-3.4962031246
433.08665491;9.9717122386;-4.0424674486;-4.0424674486;-3.503115885
433.58666259;9.9809049469;-4.0489127611;-4.0489127611;-3.5096718746
434.08667028;9.9882356761;-4.0551523444;-4.0551523444;-3.5160312496
434.58667796;9.9959765615;-4.0612968756;-4.0612968756;-3.5225585933
435.08668564;10.003118489;-4.067458334;-4.067458334;-3.5291874996
435.58669333;10.01626302;-4.0740104173;-4.0740104173;-3.536053385
436.08670101;10.024889322;-4.0803398444;-4.0803398444;-3.5427356767
436.58670869;10.032506509;-4.0864231777;-4.0864231777;-3.5491497392
437.08671638;10.041673176;-4.0925572923;-4.0925572923;-3.555553385
437.58672406;10.050963541;-4.099192709;-4.099192709;-3.5626953121
438.08673175;10.061503905;-4.1056796881;-4.1056796881;-3.5694492183
438.58673943;10.070390624;-4.1122343756;-4.1122343756;-3.5762200517
439.08674711;10.078470051;-4.1184492194;-4.1184492194;-3.5826263017
439.5867548;10.085651041;-4.1246041673;-4.1246041673;-3.5889973954
440.08676248;10.096249999;-4.1310000006;-4.1310000006;-3.5956458329
440.58677017;10.104694009;-4.1375729173;-4.1375729173;-3.6021757808
441.08677785;10.11611328;-4.1441510423;-4.1441510423;-3.6090234371
441.58678553;10.124667968;-4.150459636;-4.150459636;-3.6155494787
442.08679322;10.131855468;-4.1564960944;-4.1564960944;-3.6220807287
442.5868009;10.140273436;-4.1627343756;-4.1627343756;-3.62875651
443.08680859;10.150924478;-4.1691692714;-4.1691692714;-3.635490885
443.58681627;10.159010416;-4.1753046881;-4.1753046881;-3.6418072912
444.08682395;10.166035155;-4.1814453131;-4.1814453131;-3.6481263016
444.58683164;10.155553384;-4.1836458339;-4.1836458339;-3.6519778641
445.08683932;10.15111328;-4.1856992194;-4.1856992194;-3.6542851558
445.586847;10.163938801;-4.1915755214;-4.1915755214;-3.659740885
446.08685469;10.172441405;-4.1979388027;-4.1979388027;-3.665554687
446.58686237;10.178509114;-4.2048164069;-4.2048164069;-3.6714075516
447.08687006;10.179830728;-4.2125651048;-4.2125651048;-3.677382812
447.58687774;10.140358072;-4.2250130214;-4.2250130214;-3.687179687
448.08688542;10.147278645;-4.2330481777;-4.2330481777;-3.6942760412
448.58689311;10.157792968;-4.2410677089;-4.2410677089;-3.7009075516
449.08690079;10.164453124;-4.2489791673;-4.2489791673;-3.7072539058
449.58690848;10.171302082;-4.2571601568;-4.2571601568;-3.7137903641
450.08691616;10.175970051;-4.2661718756;-4.2661718756;-3.7207499995
450.58692384;10.179830728;-4.2753059902;-4.2753059902;-3.727976562
451.08693153;10.180813801;-4.2843046881;-4.2843046881;-3.7356054683
451.58693921;10.178776041;-4.2935546881;-4.2935546881;-3.743539062
452.08694689;10.184179686;-4.3018567714;-4.3018567714;-3.7507473954
452.58695458;10.190787759;-4.3103085943;-4.3103085943;-3.7579804683
453.08696226;10.19704427;-4.3201888027;-4.3201888027;-3.7651666662
453.58696995;10.193678384;-4.3308997402;-4.3308997402;-3.7723229162
454.08697763;10.19814453;-4.3401236985;-4.3401236985;-3.7794986974
454.58698531;10.204316405;-4.3491640631;-4.3491640631;-3.7867877599
455.086993;10.208964843;-4.3577552089;-4.3577552089;-3.7941809891
455.58700068;10.218222655;-4.3668398443;-4.3668398443;-3.8013007808
456.08700837;10.226367186;-4.375365886;-4.375365886;-3.8079934891
456.58701605;10.234049478;-4.3833203131;-4.3833203131;-3.8145013016
457.08702373;10.245494791;-4.3912994797;-4.3912994797;-3.8210872391
457.58703142;10.255234374;-4.3993398443;-4.3993398443;-3.8277708328
458.0870391;10.267942707;-4.4071979172;-4.4071979172;-3.8345664058
458.58704679;10.276705728;-4.414928386;-4.414928386;-3.8413645828
459.08705447;10.286445311;-4.4225208339;-4.4225208339;-3.8481822912
459.58706215;10.294895832;-4.4300273443;-4.4300273443;-3.8550468745
460.08706984;10.307884114;-4.4375885422;-4.4375885422;-3.8619244787
460.58707752;10.317799478;-4.4446054693;-4.4446054693;-3.8688268224
461.0870852;10.328567707;-4.4516901047;-4.4516901047;-3.8755950516
461.58709289;10.336972655;-4.4589348964;-4.4589348964;-3.882367187
462.08710057;10.34689453;-4.4663125005;-4.4663125005;-3.8892278641
462.58710826;10.356770832;-4.4738177089;-4.4738177089;-3.8963216141
463.08711594;10.367415364;-4.4814947922;-4.4814947922;-3.9035403641
463.58712362;10.377317707;-4.4889817714;-4.4889817714;-3.9105755203
464.08713131;10.384570311;-4.4962200526;-4.4962200526;-3.9174973953
464.58713899;10.392506509;-4.5034895839;-4.5034895839;-3.9244583328
465.08714668;10.403691405;-4.5109505214;-4.5109505214;-3.9316054682
465.58715436;10.412148436;-4.5185846359;-4.5185846359;-3.9389049474
466.14716297;10.422786457;-4.5204361984;-4.5204361984;-3.9445716141
466.66717096;10.431302082;-4.5204361984;-4.5204361984;-3.9445716141
467.08717741;10.438476561;-4.5405494797;-4.5405494797;-3.9600651036
467.5871851;10.446145832;-4.5479062505;-4.5479062505;-3.9659544266
468.08719278;10.452851561;-4.555195313;-4.555195313;-3.9730794266
468.58720046;10.429335936;-4.5625937505;-4.5625937505;-3.981898437
469.08720815;-0.0526497395;-15.51815755;-15.51815755;-10.847624998
469.58721583;-0.0531184895;-15.515533852;-15.515533852;-10.84684505
470.08722351;-0.0504492187;-15.515266925;-15.515266925;-10.846516925
470.5872312;-0.0486914062;-15.515055987;-15.515055987;-10.846300779
471.08723888;-0.0470377604;-15.514947914;-15.514947914;-10.846149737
471.58724657;-0.0470572916;-15.514841144;-15.514841144;-10.845921873
472.08725425;-0.0470182291;-15.514781248;-15.514781248;-10.845792966
472.58726193;-0.046673177;-15.514708331;-15.514708331;-10.845649737
473.08726962;-0.0466666666;-15.514618487;-15.514618487;-10.845587237
473.5872773;-0.0466471354;-15.514490883;-15.514490883;-10.845497394
474.08728499;-0.0466341145;-15.514468748;-15.514468748;-10.845434894
474.58729267;-0.04609375;-15.514449216;-15.514449216;-10.845191404
475.08730035;-0.0457747395;-15.514459633;-15.514459633;-10.845660154
475.58730804;-0.0454492187;-15.520194008;-15.520194008;-10.843988279
476.08731572;-0.045423177;-15.521993487;-15.521993487;-10.843865883
476.5873234;-0.0453125;-15.439941404;-15.439941404;-10.835912758
477.08733109;-0.045703125;-15.374497394;-15.374497394;-10.837691404
477.58733877;-0.0453255208;-15.396194008;-15.396194008;-10.837572914
478.08734646;-0.0451302083;-15.414100258;-15.414100258;-10.838233071
478.58735414;-0.0437434895;-15.423358071;-15.423358071;-10.838334633
479.08736182;-0.0452604166;-15.399792966;-15.399792966;-10.839033852
479.58736951;-0.0434895833;-15.363076821;-15.363076821;-10.839312498
