Curve No. 2;;Curve No. 3;;Curve No. 4;;Curve No. 5;;Curve No. 6;;Curve No. 7;;Curve No. 8;;Curve No. 9;;Curve No. 10;;Curve No. 11;
pos(%);f(cN);pos(%);f(cN);pos(%);f(cN);pos(%);f(cN);pos(%);f(cN);pos(%);f(cN);pos(%);f(cN);pos(%);f(cN);pos(%);f(cN);pos(%);f(cN)
0;738.6;0;738.6;0;738.6;0;738.6;0;738.6;0;738.6;0;738.6;0;738.6;0;738.6;0;738.6
0.003;777.2249;0.003;775.1894;0.003;776.2849;0.003;778.7947;0.003;776.3535;0.003;774.2112;0.003;770.936;0.003;774.4233;0.003;773.8549;0.003;772.1237
0.006;815.7056;0.006;810.8223;0.006;811.7219;0.006;817.3339;0.006;811.7274;0.006;809.6296;0.006;801.6038;0.006;809.895;0.006;808.2717;0.006;804.7792
0.009;854.1863;0.009;846.4553;0.009;849.3323;0.009;855.8732;0.009;849.3333;0.009;845.048;0.009;832.2717;0.009;845.3667;0.009;842.6884;0.009;837.4348
0.012;892.6669;0.012;883.6392;0.012;888.1907;0.012;895.8553;0.012;889.2021;0.012;880.4664;0.012;864.8314;0.012;880.8384;0.012;878.4456;0.012;871.2047
0.015;933.7999;0.015;923.9545;0.015;927.9188;0.015;938.324;0.015;929.9525;0.015;911.2831;0.015;897.4233;0.015;918.7287;0.015;916.404;0.015;907.6044
0.018;975.9868;0.018;964.532;0.018;968.7269;0.018;981.1956;0.018;972.7008;0.018;941.0624;0.018;931.4623;0.018;956.8308;0.018;954.8887;0.018;944.2675
0.021;1019.41;0.021;1006.763;0.021;1010.046;0.021;1025.978;0.021;1014.481;0.021;971.7347;0.021;965.8881;0.021;996.6161;0.021;995.6448;0.021;983.1627
0.024;1063.97;0.024;1048.995;0.024;1052.868;0.024;1070.76;0.024;1048.953;0.024;1002.937;0.024;1001.43;0.024;1037.057;0.024;1036.401;0.024;1022.058
0.027;1109.545;0.027;1093.466;0.027;1095.801;0.027;1118.526;0.027;1083.425;0.027;1035.021;0.027;1037.729;0.027;1078.414;0.027;1069.605;0.027;1063.097
0.03;1157.212;0.03;1138.069;0.03;1140.491;0.03;1166.357;0.03;1119.995;0.03;1068.231;0.03;1074.987;0.03;1120.608;0.03;1102.767;0.03;1104.337
0.033;1205.227;0.033;1184.062;0.033;1185.181;0.033;1216.141;0.033;1156.73;0.033;1101.768;0.033;1113.66;0.033;1163.42;0.033;1137.199;0.033;1140.506
0.036;1255.48;0.036;1230.507;0.036;1231.846;0.036;1266.471;0.036;1194.65;0.036;1136.279;0.036;1152.74;0.036;1207.501;0.036;1171.943;0.036;1174.738
0.039;1305.733;0.039;1278.251;0.039;1278.816;0.039;1318.472;0.039;1232.992;0.039;1170.899;0.039;1193.349;0.039;1251.868;0.039;1207.801;0.039;1209.793
0.042;1358.362;0.042;1327;0.042;1327.266;0.042;1371.669;0.042;1272.34;0.042;1207.125;0.042;1233.987;0.042;1298.069;0.042;1244.367;0.042;1245.57
0.045;1411.139;0.045;1376.452;0.045;1376.428;0.045;1426.059;0.045;1312.523;0.045;1243.352;0.045;1276.37;0.045;1344.269;0.045;1281.718;0.045;1281.948
0.048;1465.917;0.048;1427.075;0.048;1426.697;0.048;1482.355;0.048;1353.517;0.048;1281.11;0.048;1318.753;0.048;1392.526;0.048;1320.155;0.048;1319.483
0.051;1521.366;0.051;1478.053;0.051;1478.151;0.051;1538.957;0.051;1395.977;0.051;1319.083;0.051;1362.635;0.051;1440.906;0.051;1358.949;0.051;1357.262
0.05399999;1578.35;0.05399999;1530.58;0.05399999;1530.269;0.05399999;1596.873;0.05399999;1438.706;0.05399999;1358.423;0.05399999;1406.841;0.05399999;1490.678;0.05399999;1398.955;0.05399999;1396.411
0.05699999;1636.558;0.05699999;1583.108;0.05699999;1584.014;0.05699999;1654.79;0.05699999;1482.783;0.05699999;1398.381;0.05699999;1452.31;0.05699999;1540.912;0.05699999;1439.018;0.05699999;1435.56
0.05999999;1695.696;0.05999999;1638.013;0.05999999;1637.987;0.05999999;1715.525;0.05999999;1526.86;0.05999999;1439;0.05999999;1498.525;0.05999999;1592.316;0.05999999;1480.704;0.05999999;1476.509
0.06299999;1756.454;0.06299999;1692.924;0.06299999;1694.073;0.06299999;1776.27;0.06299999;1573.023;0.06299999;1480.276;0.06299999;1545.608;0.06299999;1644.64;0.06299999;1522.39;0.06299999;1517.532
0.06599999;1817.641;0.06599999;1749.551;0.06599999;1750.159;0.06599999;1839.519;0.06599999;1619.235;0.06599999;1522.02;0.06599999;1593.812;0.06599999;1694.703;0.06599999;1565.62;0.06599999;1559.847
0.06899999;1880.896;0.06899999;1806.585;0.06899999;1808.596;0.06899999;1903.376;0.06899999;1666.945;0.06899999;1564.783;0.06899999;1640.654;0.06899999;1740.871;0.06899999;1609.142;0.06899999;1602.547
0.07199999;1944.15;0.07199999;1864.763;0.07199999;1867.286;0.07199999;1968.726;0.07199999;1715.06;0.07199999;1607.797;0.07199999;1683.272;0.07199999;1787.296;0.07199999;1653.7;0.07199999;1646.115
0.07499999;1998.974;0.07499999;1923.641;0.07499999;1927.514;0.07499999;2035.024;0.07499999;1764.57;0.07499999;1652.525;0.07499999;1725.952;0.07499999;1834.935;0.07499999;1698.821;0.07499999;1690.312
0.07799999;2053.626;0.07799999;1983.578;0.07799999;1988.376;0.07799999;2102.497;0.07799999;1815.018;0.07799999;1697.254;0.07799999;1769.838;0.07799999;1882.574;0.07799999;1744.745;0.07799999;1735.239
0.08099999;2109.625;0.08099999;2044.918;0.08099999;2045.655;0.08099999;2171.601;0.08099999;1866.351;0.08099999;1743.615;0.08099999;1813.724;0.08099999;1931.377;0.08099999;1791.629;0.08099999;1781.308
0.08399998;2165.986;0.08399998;2104.588;0.08399998;2099.552;0.08399998;2241.259;0.08399998;1918.965;0.08399998;1790.078;0.08399998;1858.89;0.08399998;1980.204;0.08399998;1838.998;0.08399998;1827.732
0.08699998;2223.311;0.08699998;2158.984;0.08699998;2153.886;0.08699998;2312.841;0.08699998;1971.996;0.08699998;1837.756;0.08699998;1904.272;0.08699998;2030.303;0.08699998;1887.726;0.08699998;1875.581
0.08999998;2281.288;0.08999998;2213.447;0.08999998;2209.141;0.08999998;2384.505;0.08999998;2026.515;0.08999998;1885.83;0.08999998;1950.507;0.08999998;2080.747;0.08999998;1936.58;0.08999998;1923.445
0.09299998;2340.131;0.09299998;2269.19;0.09299998;2264.602;0.09299998;2458.95;0.09299998;2081.096;0.09299998;1934.81;0.09299998;1997.179;0.09299998;2132.03;0.09299998;1987.106;0.09299998;1972.949
0.09599998;2400.248;0.09599998;2324.934;0.09599998;2321.455;0.09599998;2533.395;0.09599998;2137.793;0.09599998;1984.48;0.09599998;2044.549;0.09599998;2183.888;0.09599998;2037.632;0.09599998;2022.453
0.09899998;2460.754;0.09899998;2382.003;0.09899998;2378.309;0.09899998;2600.654;0.09899998;2194.491;0.09899998;2034.889;0.09899998;2092.712;0.09899998;2236.381;0.09899998;2089.797;0.09899998;2073.491
0.102;2522.708;0.102;2439.29;0.102;2436.85;0.102;2666.482;0.102;2252.872;0.102;2086.508;0.102;2141.322;0.102;2289.828;0.102;2142.187;0.102;2124.868
0.105;2584.702;0.105;2497.705;0.105;2495.507;0.105;2733.252;0.105;2311.579;0.105;2138.478;0.105;2191.116;0.105;2343.611;0.105;2195.75;0.105;2177.344
0.108;2648.717;0.108;2556.676;0.108;2555.324;0.108;2800.557;0.108;2371.802;0.108;2191.927;0.108;2241.041;0.108;2398.688;0.108;2249.848;0.108;2230.467
0.111;2712.731;0.111;2616.419;0.111;2615.543;0.111;2868.795;0.111;2432.853;0.111;2245.383;0.111;2292.434;0.111;2453.78;0.111;2305.06;0.111;2284.379
0.114;2778.197;0.114;2677;0.114;2676.63;0.114;2938.204;0.114;2494.928;0.114;2300.691;0.114;2343.827;0.114;2509.955;0.114;2361.403;0.114;2339.293
0.117;2843.968;0.117;2738.087;0.117;2738.428;0.117;3008.162;0.117;2558.223;0.117;2355.999;0.117;2396.706;0.117;2566.13;0.117;2418.265;0.117;2394.74
0.12;2910.908;0.12;2800.414;0.12;2800.857;0.12;3079.781;0.12;2622.049;0.12;2412.949;0.12;2449.768;0.12;2623.786;0.12;2476.304;0.12;2451.778
0.123;2978.523;0.123;2862.915;0.123;2864.433;0.123;3151.505;0.123;2687.341;0.123;2470.271;0.123;2503.873;0.123;2681.771;0.123;2534.549;0.123;2508.924
0.126;3047.039;0.126;2926.973;0.126;2928.29;0.126;3225.047;0.126;2752.8;0.126;2528.517;0.126;2558.43;0.126;2740.844;0.126;2594.379;0.126;2567.715
0.129;3116.694;0.129;2991.03;0.129;2993.592;0.129;3298.59;0.129;2820.334;0.129;2587.312;0.129;2613.813;0.129;2800.572;0.129;2654.209;0.129;2626.505
0.132;3186.84;0.132;3056.609;0.132;3058.893;0.132;3373.752;0.132;2887.867;0.132;2646.957;0.132;2670.006;0.132;2860.844;0.132;2715.528;0.132;2686.924
0.135;3258.461;0.135;3122.333;0.135;3125.69;0.135;3449.179;0.135;2957.36;0.135;2707.691;0.135;2726.728;0.135;2921.836;0.135;2776.968;0.135;2747.581
0.138;3330.188;0.138;3189.261;0.138;3192.532;0.138;3525.766;0.138;3027.111;0.138;2768.845;0.138;2784.612;0.138;2983.17;0.138;2839.869;0.138;2809.57
0.141;3403.667;0.141;3256.646;0.141;3260.701;0.141;3602.936;0.141;3098.245;0.141;2831.264;0.141;2842.681;0.141;3045.607;0.141;2903.298;0.141;2872.174
0.144;3477.145;0.144;3324.811;0.144;3329.248;0.144;3681.139;0.144;3169.994;0.144;2893.796;0.144;2902.098;0.144;3108.119;0.144;2967.659;0.144;2935.7
0.147;3552.28;0.147;3393.648;0.147;3398.808;0.147;3760.499;0.147;3242.807;0.147;2958.1;0.147;2961.514;0.147;3172.302;0.147;3032.801;0.147;3000.162
0.15;3627.675;0.15;3463.172;0.15;3469.086;0.15;3840.425;0.15;3316.685;0.15;3022.405;0.15;3022.343;0.15;3236.486;0.15;3098.665;0.15;3065.233
0.153;3704.035;0.153;3533.976;0.153;3540.045;0.153;3921.823;0.153;3391.246;0.153;3088.285;0.153;3083.281;0.153;3301.769;0.153;3165.85;0.153;3131.669
0.156;3780.865;0.156;3605.005;0.156;3612.058;0.156;4003.397;0.156;3467.333;0.156;3154.405;0.156;3145.395;0.156;3367.248;0.156;3233.343;0.156;3198.357
0.159;3858.711;0.159;3677.212;0.159;3684.455;0.159;4086.904;0.159;3543.672;0.159;3221.69;0.159;3207.929;0.159;3433.886;0.159;3302.42;0.159;3266.866
0.162;3937.66;0.162;3749.419;0.162;3758.394;0.162;4170.41;0.162;3621.883;0.162;3289.53;0.162;3271.456;0.162;3501.135;0.162;3371.497;0.162;3335.376
0.1650001;4017.202;0.1650001;3823.528;0.1650001;3832.348;0.1650001;4255.923;0.1650001;3700.094;0.1650001;3358.364;0.1650001;3335.816;0.1650001;3568.99;0.1650001;3442.192;0.1650001;3405.61
0.1680001;4098.218;0.1680001;3897.691;0.1680001;3908.274;0.1680001;4341.681;0.1680001;3780.1;0.1680001;3428.243;0.1680001;3400.833;0.1680001;3637.553;0.1680001;3512.934;0.1680001;3475.964
0.1710001;4179.442;0.1710001;3973.405;0.1710001;3984.2;0.1710001;4428.761;0.1710001;3860.247;0.1710001;3498.564;0.1710001;3467.063;0.1710001;3706.599;0.1710001;3585.11;0.1710001;3547.751
0.1740001;4262.692;0.1740001;4049.551;0.1740001;4061.792;0.1740001;4516.415;0.1740001;3942.247;0.1740001;3569.929;0.1740001;3533.568;0.1740001;3776.958;0.1740001;3657.686;0.1740001;3620.023
0.1770001;4345.942;0.1770001;4126.799;0.1770001;4139.763;0.1770001;4605.039;0.1770001;4024.912;0.1770001;3641.524;0.1770001;3601.531;0.1770001;3847.461;0.1770001;3731.38;0.1770001;3693.423
0.1800001;4431.041;0.1800001;4204.804;0.1800001;4218.877;0.1800001;4694.616;0.1800001;4108.793;0.1800001;3715.018;0.1800001;3669.495;0.1800001;3919.694;0.1800001;3805.846;0.1800001;3767.707
0.1830001;4516.345;0.1830001;4283.493;0.1830001;4298.685;0.1830001;4784.886;0.1830001;4193.689;0.1830001;3788.513;0.1830001;3739.094;0.1830001;3991.927;0.1830001;3881.101;0.1830001;3842.773
0.1860001;4603.187;0.1860001;4363.19;0.1860001;4379.36;0.1860001;4876.688;0.1860001;4279.333;0.1860001;3863.68;0.1860001;3808.747;0.1860001;4065.502;0.1860001;3957.527;0.1860001;3919.155
0.1890001;4690.667;0.1890001;4443.34;0.1890001;4461.185;0.1890001;4968.734;0.1890001;4366.342;0.1890001;3938.998;0.1890001;3879.956;0.1890001;4139.252;0.1890001;4034.34;0.1890001;3995.971
0.1920001;4779.297;0.1920001;4525.142;0.1920001;4543.489;0.1920001;5062.59;0.1920001;4453.729;0.1920001;4015.931;0.1920001;3951.614;0.1920001;4214.228;0.1920001;4112.585;0.1920001;4074.7
0.1950001;4869.022;0.1950001;4606.989;0.1950001;4627.327;0.1950001;5156.445;0.1950001;4543.079;0.1950001;4093.469;0.1950001;4024.426;0.1950001;4289.75;0.1950001;4190.873;0.1950001;4153.43
0.1980001;4959.354;0.1980001;4690.553;0.1980001;4711.25;0.1980001;5252.118;0.1980001;4632.429;0.1980001;4172.048;0.1980001;4098.061;0.1980001;4366.089;0.1980001;4271.026;0.1980001;4234.077
0.2010001;5050.986;0.2010001;4774.116;0.2010001;4796.922;0.2010001;5347.929;0.2010001;4724.041;0.2010001;4251.522;0.2010001;4172.424;0.2010001;4443.25;0.2010001;4351.179;0.2010001;4314.73
0.2040001;5142.852;0.2040001;4859.256;0.2040001;4882.595;0.2040001;5445.091;0.2040001;4815.721;0.2040001;4331.611;0.2040001;4247.919;0.2040001;4520.963;0.2040001;4433.015;0.2040001;4396.934
0.2070001;5236.368;0.2070001;4944.707;0.2070001;4969.946;0.2070001;5542.734;0.2070001;4908.963;0.2070001;4412.857;0.2070001;4323.751;0.2070001;4599.93;0.2070001;4515.192;0.2070001;4479.502
0.2100001;5329.885;0.2100001;5031.285;0.2100001;5057.58;0.2100001;5641.083;0.2100001;5002.651;0.2100001;4494.429;0.2100001;4400.929;0.2100001;4679.075;0.2100001;4598.668;0.2100001;4563.355
0.2130001;5425.427;0.2130001;5118.482;0.2130001;5146.206;0.2130001;5740.015;0.2130001;5097.531;0.2130001;4577.75;0.2130001;4478.122;0.2130001;4759.646;0.2130001;4682.876;0.2130001;4647.989
0.2160002;5521.125;0.2160002;5206.613;0.2160002;5235.333;0.2160002;5839.538;0.2160002;5193.25;0.2160002;4661.07;0.2160002;4557.264;0.2160002;4840.218;0.2160002;4768.003;0.2160002;4733.622
0.2190002;5618.108;0.2190002;5295.861;0.2190002;5325.378;0.2190002;5940.125;0.2190002;5289.843;0.2190002;4746.367;0.2190002;4636.407;0.2190002;4922.651;0.2190002;4854.264;0.2190002;4820.557
0.2220002;5715.555;0.2220002;5385.553;0.2220002;5416.448;0.2220002;6040.842;0.2220002;5387.776;0.2220002;4831.734;0.2220002;4717.016;0.2220002;5005.253;0.2220002;4941.043;0.2220002;4907.875
0.2250002;5813.925;0.2250002;5476.473;0.2250002;5508.063;0.2250002;6142.212;0.2250002;5486.087;0.2250002;4918.545;0.2250002;4797.956;0.2250002;5088.927;0.2250002;5029.334;0.2250002;4996.36
0.2280002;5913.082;0.2280002;5567.542;0.2280002;5601.069;0.2280002;6243.583;0.2280002;5585.896;0.2280002;5005.773;0.2280002;4880.069;0.2280002;5173.015;0.2280002;5117.724;0.2280002;5084.985
0.2310002;6012.683;0.2310002;5660.467;0.2310002;5694.192;0.2310002;6345.569;0.2310002;5685.72;0.2310002;5094.194;0.2310002;4962.892;0.2310002;5258.036;0.2310002;5207.586;0.2310002;5175.797
0.2340002;6113.129;0.2340002;5753.392;0.2340002;5788.5;0.2340002;6447.573;0.2340002;5787.196;0.2340002;5183.46;0.2340002;5046.592;0.2340002;5343.896;0.2340002;5297.449;0.2340002;5266.608
0.2370002;6213.696;0.2370002;5847.75;0.2370002;5882.809;0.2370002;6550.686;0.2370002;5888.671;0.2370002;5273.458;0.2370002;5131.451;0.2370002;5430.335;0.2370002;5389.133;0.2370002;5358.733
0.2400002;6314.959;0.2400002;5942.296;0.2400002;5978.597;0.2400002;6654.109;0.2400002;5991.047;0.2400002;5364.584;0.2400002;5216.754;0.2400002;5517.949;0.2400002;5481.085;0.2400002;5451.047
0.2430002;6416.223;0.2430002;6037.822;0.2430002;6074.549;0.2430002;6758.31;0.2430002;6093.625;0.2430002;5456.055;0.2430002;5303.462;0.2430002;5605.791;0.2430002;5574.306;0.2430002;5544.979
0.2460002;6517.708;0.2460002;6133.78;0.2460002;6171.155;0.2460002;6863.051;0.2460002;6196.018;0.2460002;5548.89;0.2460002;5390.263;0.2460002;5695.1;0.2460002;5668.119;0.2460002;5639.646
0.2490002;6619.204;0.2490002;6230.142;0.2490002;6268.03;0.2490002;6968.357;0.2490002;6298.298;0.2490002;5641.744;0.2490002;5478.864;0.2490002;5784.409;0.2490002;5762.834;0.2490002;5735.14
0.2520002;6721.682;0.2520002;6326.901;0.2520002;6365.244;0.2520002;7074.518;0.2520002;6400.861;0.2520002;5736.506;0.2520002;5567.466;0.2520002;5875.27;0.2520002;5858.485;0.2520002;5831.46
0.2550002;6824.48;0.2550002;6423.656;0.2550002;6462.773;0.2550002;7180.961;0.2550002;6503.798;0.2550002;5831.268;0.2550002;5657.356;0.2550002;5966.231;0.2550002;5954.588;0.2550002;5928.363
0.2580002;6928.01;0.2580002;6520.402;0.2580002;6560.585;0.2580002;7288.491;0.2580002;6607.178;0.2580002;5927.247;0.2580002;5747.46;0.2580002;6058.499;0.2580002;6051.748;0.2580002;6026.544
0.2610002;7032.122;0.2610002;6617.321;0.2610002;6658.977;0.2610002;7396.05;0.2610002;6711.982;0.2610002;6023.497;0.2610002;5838.963;0.2610002;6151.212;0.2610002;6149.038;0.2610002;6124.924
0.2640002;7136.894;0.2640002;6715.476;0.2640002;6757.529;0.2640002;7505.345;0.2640002;6816.851;0.2640002;6120.697;0.2640002;5931.167;0.2640002;6244.744;0.2640002;6247.396;0.2640002;6224.667
0.2670002;7242.834;0.2670002;6813.63;0.2670002;6857.084;0.2670002;7614.641;0.2670002;6923.134;0.2670002;6218.464;0.2670002;6023.991;0.2670002;6338.946;0.2670002;6345.754;0.2670002;6324.411
0.2700002;7348.971;0.2700002;6913.156;0.2700002;6956.639;0.2700002;7725.226;0.2700002;7029.417;0.2700002;6316.329;0.2700002;6117.499;0.2700002;6433.576;0.2700002;6443.272;0.2700002;6424.668
0.2730002;7456.098;0.2730002;7012.783;0.2730002;7057.32;0.2730002;7836.085;0.2730002;7137.305;0.2730002;6414.319;0.2730002;6211.199;0.2730002;6528.984;0.2730002;6540.715;0.2730002;6524.958
0.2760001;7563.226;0.2760001;7113.58;0.2760001;7158.062;0.2760001;7948.069;0.2760001;7245.478;0.2760001;6512.508;0.2760001;6305.383;0.2760001;6624.49;0.2760001;6639.005;0.2760001;6624.43
0.2790001;7672.076;0.2790001;7214.783;0.2790001;7259.967;0.2790001;8060.704;0.2790001;7354.797;0.2790001;6611.315;0.2790001;6399.538;0.2790001;6720.505;0.2790001;6737.614;0.2790001;6723.631
0.2820001;7780.981;0.2820001;7316.744;0.2820001;7362.235;0.2820001;8173.997;0.2820001;7464.719;0.2820001;6710.196;0.2820001;6493.397;0.2820001;6816.52;0.2820001;6837.204;0.2820001;6823.644
0.2850001;7891.037;0.2850001;7419.321;0.2850001;7465.415;0.2850001;8288.117;0.2850001;7575.505;0.2850001;6810.434;0.2850001;6587.257;0.2850001;6912.47;0.2850001;6937.64;0.2850001;6924.279
0.2880001;8001.432;0.2880001;7522.461;0.2880001;7569.272;0.2880001;8402.59;0.2880001;7687.298;0.2880001;6910.671;0.2880001;6682.346;0.2880001;7008.417;0.2880001;7038.544;0.2880001;7025.614
0.2910001;8112.907;0.2910001;7626.591;0.2910001;7673.742;0.2910001;8518.11;0.2910001;7799.438;0.2910001;7012.041;0.2910001;6777.57;0.2910001;7105.006;0.2910001;7140.334;0.2910001;7128.096
0.2940001;8225.179;0.2940001;7730.929;0.2940001;7779.192;0.2940001;8633.721;0.2940001;7912.518;0.2940001;7113.595;0.2940001;6873.749;0.2940001;7201.786;0.2940001;7242.378;0.2940001;7230.842
0.2970001;8338.107;0.2970001;7836.267;0.2970001;7884.872;0.2970001;8750.719;0.2970001;8025.716;0.2970001;7216.079;0.2970001;6970.318;0.2970001;7299.383;0.2970001;7345.806;0.2970001;7334.704
0.3000001;8452.11;0.3000001;7941.604;0.3000001;7991.496;0.3000001;8867.716;0.3000001;8140.375;0.3000001;7319.027;0.3000001;7067.555;0.3000001;7397.58;0.3000001;7449.233;0.3000001;7438.573
0.3030001;8566.44;0.3030001;8048.773;0.3030001;8098.13;0.3030001;8985.633;0.3030001;8255.035;0.3030001;7422.814;0.3030001;7165.412;0.3030001;7496.278;0.3030001;7554.136;0.3030001;7544.037
0.3060001;8682.225;0.3060001;8155.977;0.3060001;8206.412;0.3060001;9103.687;0.3060001;8371.151;0.3060001;7527.53;0.3060001;7263.812;0.3060001;7595.782;0.3060001;7659.094;0.3060001;7649.5
0.309;8798.008;0.309;8264.419;0.309;8314.693;0.309;9222.776;0.309;8487.466;0.309;7632.723;0.309;7363.328;0.309;7695.554;0.309;7765.081;0.309;7756.45
0.312;8915.169;0.312;8373.189;0.312;8424.293;0.312;9342.354;0.312;8604.611;0.312;7739.13;0.312;7463.048;0.312;7796.469;0.312;7871.37;0.312;7863.731
0.315;9032.348;0.315;8482.873;0.315;8534.188;0.315;9462.5;0.315;8722.136;0.315;7845.632;0.315;7564.074;0.315;7897.385;0.315;7978.551;0.315;7971.822
0.318;9150.864;0.318;8593.166;0.318;8644.83;0.318;9583.239;0.318;8840.35;0.318;7953.094;0.318;7665.101;0.318;7999.973;0.318;8086.376;0.318;8080.386
0.321;9269.733;0.321;8704.081;0.321;8755.915;0.321;9704.446;0.321;8959.272;0.321;8060.555;0.321;7767.449;0.321;8102.567;0.321;8194.846;0.321;8189.715
0.324;9389.282;0.324;8815.901;0.324;8867.71;0.324;9826.752;0.324;9078.601;0.324;8169.49;0.324;7869.876;0.324;8206.148;0.324;8304.326;0.324;8300.003
0.327;9509.293;0.327;8928.038;0.327;8980.415;0.327;9949.177;0.327;9198.881;0.327;8278.593;0.327;7973.541;0.327;8309.972;0.327;8414.052;0.327;8410.736
0.33;9629.914;0.33;9041.324;0.33;9093.461;0.33;10072.59;0.33;9319.279;0.33;8388.737;0.33;8077.614;0.33;8415.016;0.33;8524.773;0.33;8522.749
0.333;9751.454;0.333;9154.647;0.333;9207.534;0.333;10196;0.333;9440.686;0.333;8499.315;0.333;8182.528;0.333;8520.842;0.333;8635.503;0.333;8634.847
0.336;9873.2;0.336;9269.471;0.336;9321.675;0.336;10320.48;0.336;9562.092;0.336;8610.538;0.336;8288.108;0.336;8627.137;0.336;8747.819;0.336;8748.03
0.339;9995.75;0.339;9384.293;0.339;9436.879;0.339;10445.06;0.339;9684.737;0.339;8722.369;0.339;8394.307;0.339;8734.088;0.339;8860.136;0.339;8861.213
0.3419999;10118.31;0.3419999;9500.178;0.3419999;9552.084;0.3419999;10570.47;0.3419999;9807.504;0.3419999;8834.721;0.3419999;8501.575;0.3419999;8841.394;0.3419999;8973.558;0.3419999;8975.597
0.3449999;10241.97;0.3449999;9616.277;0.3449999;9668.469;0.3449999;10696.19;0.3449999;9931.105;0.3449999;8948.159;0.3449999;8609.025;0.3449999;8949.934;0.3449999;9087.234;0.3449999;9090.136
0.3479999;10365.64;0.3479999;9733.163;0.3479999;9785.034;0.3479999;10822.5;0.3479999;10055.04;0.3479999;9061.762;0.3479999;8717.343;0.3479999;9058.515;0.3479999;9201.754;0.3479999;9205.694
0.3509999;10490.26;0.3509999;9850.493;0.3509999;9902.469;0.3509999;10949.31;0.3509999;10179.58;0.3509999;9176.436;0.3509999;8825.66;0.3509999;9168.393;0.3509999;9316.789;0.3509999;9321.693
0.3539999;10615.11;0.3539999;9968.419;0.3539999;10020.32;0.3539999;11076.53;0.3539999;10304.68;0.3539999;9291.108;0.3539999;8935.117;0.3539999;9278.27;0.3539999;9432.53;0.3539999;9438.42
0.3569999;10740.65;0.3569999;10087.09;0.3569999;10138.74;0.3569999;11204.56;0.3569999;10430.14;0.3569999;9407.239;0.3569999;9044.594;0.3569999;9389.284;0.3569999;9549.224;0.3569999;9555.843
0.3599999;10866.64;0.3599999;10206.05;0.3599999;10257.76;0.3599999;11332.7;0.3599999;10556.35;0.3599999;9523.458;0.3599999;9155.357;0.3599999;9500.519;0.3599999;9666.161;0.3599999;9673.728
0.3629999;10993.15;0.3629999;10325.88;0.3629999;10377.09;0.3629999;11461.5;0.3629999;10682.72;0.3629999;9640.585;0.3629999;9266.463;0.3629999;9612.521;0.3629999;9783.9;0.3629999;9792.573
0.3659999;11120.38;0.3659999;10445.78;0.3659999;10497.16;0.3659999;11590.31;0.3659999;10810.14;0.3659999;9758.007;0.3659999;9378.375;0.3659999;9724.948;0.3659999;9901.682;0.3659999;9911.534
0.3689999;11247.92;0.3689999;10566.73;0.3689999;10617.32;0.3689999;11720.06;0.3689999;10937.57;0.3689999;9876.081;0.3689999;9490.825;0.3689999;9838.076;0.3689999;10020.46;0.3689999;10031.21
0.3719999;11376.51;0.3719999;10687.67;0.3719999;10738.34;0.3719999;11849.86;0.3719999;11065.78;0.3719999;9994.655;0.3719999;9603.617;0.3719999;9952.056;0.3719999;10139.24;0.3719999;10150.89
0.3749999;11505.13;0.3749999;10809.63;0.3749999;10859.35;0.3749999;11980.27;0.3749999;11194.04;0.3749999;10113.71;0.3749999;9716.905;0.3749999;10066.27;0.3749999;10258.9;0.3749999;10271.65
0.3779998;11634.58;0.3779998;10931.74;0.3779998;10981.08;0.3779998;12110.87;0.3779998;11323.23;0.3779998;10233.56;0.3779998;9830.506;0.3779998;10181.15;0.3779998;10378.72;0.3779998;10392.47
0.3809998;11764.04;0.3809998;11054.52;0.3809998;11102.86;0.3809998;12241.72;0.3809998;11452.75;0.3809998;10353.64;0.3809998;9945.249;0.3809998;10296.13;0.3809998;10499.56;0.3809998;10513.96
0.3839998;11894.2;0.3839998;11177.61;0.3839998;11225.37;0.3839998;12372.76;0.3839998;11582.8;0.3839998;10474.73;0.3839998;10060.01;0.3839998;10412.49;0.3839998;10620.94;0.3839998;10635.66
0.3869998;12024.5;0.3869998;11301.08;0.3869998;11348.16;0.3869998;12504.16;0.3869998;11713.28;0.3869998;10595.82;0.3869998;10175.5;0.3869998;10528.84;0.3869998;10742.72;0.3869998;10758.21
0.3899998;12155.25;0.3899998;11424.97;0.3899998;11471.29;0.3899998;12636.11;0.3899998;11843.95;0.3899998;10718.09;0.3899998;10290.99;0.3899998;10646.11;0.3899998;10864.96;0.3899998;10881.39
0.3929998;12286.28;0.3929998;11549.11;0.3929998;11594.74;0.3929998;12768.17;0.3929998;11974.97;0.3929998;10840.37;0.3929998;10407.48;0.3929998;10763.5;0.3929998;10987.56;0.3929998;11004.85
0.3959998;12417.62;0.3959998;11673.87;0.3959998;11718.47;0.3959998;12900.74;0.3959998;12106.1;0.3959998;10963.54;0.3959998;10524.17;0.3959998;10881.53;0.3959998;11111.15;0.3959998;11128.74
0.3989998;12549.38;0.3989998;11798.73;0.3989998;11842.77;0.3989998;13033.3;0.3989998;12237.82;0.3989998;11086.94;0.3989998;10641.74;0.3989998;10999.86;0.3989998;11234.79;0.3989998;11252.85
0.4019998;12681.28;0.4019998;11924.45;0.4019998;11967.14;0.4019998;13166.16;0.4019998;12369.53;0.4019998;11210.85;0.4019998;10759.8;0.4019998;11118.79;0.4019998;11359.14;0.4019998;11377.77
0.4049998;12813.6;0.4049998;12050.18;0.4049998;12091.91;0.4049998;13299.03;0.4049998;12502.04;0.4049998;11335.08;0.4049998;10878.11;0.4049998;11238.32;0.4049998;11483.5;0.4049998;11502.7
0.4079998;12945.95;0.4079998;12176.7;0.4079998;12216.69;0.4079998;13432.49;0.4079998;12634.56;0.4079998;11459.65;0.4079998;10996.73;0.4079998;11358.17;0.4079998;11608.54;0.4079998;11628.13
0.4109997;13078.72;0.4109997;12303.31;0.4109997;12342.32;0.4109997;13566.08;0.4109997;12767.45;0.4109997;11584.67;0.4109997;11115.58;0.4109997;11478.73;0.4109997;11733.69;0.4109997;11753.56
0.4139997;13211.5;0.4139997;12430.31;0.4139997;12467.99;0.4139997;13699.92;0.4139997;12900.44;0.4139997;11709.9;0.4139997;11235.11;0.4139997;11599.37;0.4139997;11859.47;0.4139997;11879.82
0.4169997;13344.89;0.4169997;12557.46;0.4169997;12594.11;0.4169997;13833.9;0.4169997;13033.86;0.4169997;11835.82;0.4169997;11354.68;0.4169997;11720.71;0.4169997;11985.56;0.4169997;12006.23
0.4199997;13478.37;0.4199997;12685.08;0.4199997;12720.37;0.4199997;13968.22;0.4199997;13167.58;0.4199997;11961.77;0.4199997;11474.91;0.4199997;11842.05;0.4199997;12111.98;0.4199997;12133.16
0.4229997;13612.29;0.4229997;12813.15;0.4229997;12847.03;0.4229997;14103;0.4229997;13301.51;0.4229997;12088.59;0.4229997;11595.14;0.4229997;11964.44;0.4229997;12238.75;0.4229997;12260.37
0.4259997;13746.43;0.4259997;12941.45;0.4259997;12973.97;0.4259997;14237.96;0.4259997;13435.78;0.4259997;12215.41;0.4259997;11716.15;0.4259997;12086.91;0.4259997;12365.81;0.4259997;12387.89
0.4289997;13880.72;0.4289997;13070.23;0.4289997;13101.19;0.4289997;14373.51;0.4289997;13570.15;0.4289997;12342.81;0.4289997;11837.27;0.4289997;12209.98;0.4289997;12493.57;0.4289997;12515.78
0.4319997;14015.18;0.4319997;13199.07;0.4319997;13228.86;0.4319997;14509.12;0.4319997;13704.9;0.4319997;12470.32;0.4319997;11958.96;0.4319997;12333.26;0.4319997;12621.36;0.4319997;12643.86
0.4349997;14149.86;0.4349997;13328.36;0.4349997;13356.65;0.4349997;14645.87;0.4349997;13839.66;0.4349997;12598.38;0.4349997;12080.92;0.4349997;12457;0.4349997;12749.45;0.4349997;12772.41
0.4379997;14285.13;0.4379997;13457.64;0.4379997;13484.92;0.4379997;14782.62;0.4379997;13974.91;0.4379997;12726.75;0.4379997;12203.34;0.4379997;12581.11;0.4379997;12877.55;0.4379997;12901.04
0.4409997;14420.47;0.4409997;13587.55;0.4409997;13613.19;0.4409997;14920.91;0.4409997;14110.15;0.4409997;12855.5;0.4409997;12326.26;0.4409997;12705.57;0.4409997;13006.16;0.4409997;13030.43
0.4439996;14556.54;0.4439996;13717.49;0.4439996;13742.08;0.4439996;15059.48;0.4439996;14245.83;0.4439996;12984.71;0.4439996;12449.34;0.4439996;12830.7;0.4439996;13134.82;0.4439996;13159.82
0.4469996;14692.61;0.4469996;13848.01;0.4469996;13870.96;0.4469996;15199.01;0.4469996;14381.59;0.4469996;13114.09;0.4469996;12572.78;0.4469996;12955.92;0.4469996;13264.12;0.4469996;13289.74
0.4499996;14829.79;0.4499996;13978.72;0.4499996;14000.6;0.4499996;15339.05;0.4499996;14517.85;0.4499996;13243.89;0.4499996;12696.28;0.4499996;13081.67;0.4499996;13393.68;0.4499996;13419.71
0.4529996;14967.09;0.4529996;14109.8;0.4529996;14130.41;0.4529996;15479.45;0.4529996;14654.38;0.4529996;13373.77;0.4529996;12820.26;0.4529996;13207.41;0.4529996;13523.49;0.4529996;13550.28
0.4559996;15105.52;0.4559996;14241.16;0.4559996;14260.69;0.4559996;15620.26;0.4559996;14791.59;0.4559996;13504.37;0.4559996;12944.25;0.4559996;13333.8;0.4559996;13653.54;0.4559996;13681.08
0.4589996;15244.43;0.4589996;14373;0.4589996;14391.24;0.4589996;15761.26;0.4589996;14929.67;0.4589996;13634.96;0.4589996;13069.04;0.4589996;13460.22;0.4589996;13783.81;0.4589996;13812.18
0.4619996;15384.46;0.4619996;14505.64;0.4619996;14522.41;0.4619996;15902.74;0.4619996;15068.45;0.4619996;13766.3;0.4619996;13193.91;0.4619996;13587.45;0.4619996;13914.55;0.4619996;13943.55
0.4649996;15525.56;0.4649996;14638.51;0.4649996;14654.39;0.4649996;16044.29;0.4649996;15209.27;0.4649996;13897.73;0.4649996;13319.18;0.4649996;13714.91;0.4649996;14045.39;0.4649996;14075.09
0.4679996;15667.01;0.4679996;14772.45;0.4679996;14786.71;0.4679996;16186.58;0.4679996;15350.22;0.4679996;14029.58;0.4679996;13444.61;0.4679996;13842.7;0.4679996;14176.96;0.4679996;14206.96
0.4709996;15809.19;0.4709996;14906.4;0.4709996;14920.12;0.4709996;16328.88;0.4709996;15492.88;0.4709996;14161.62;0.4709996;13570.48;0.4709996;13970.73;0.4709996;14308.53;0.4709996;14338.96
0.4739996;15951.43;0.4739996;15042.63;0.4739996;15053.6;0.4739996;16471.61;0.4739996;15635.54;0.4739996;14294.12;0.4739996;13696.75;0.4739996;14099.05;0.4739996;14441.09;0.4739996;14471.7
0.4769996;16094.12;0.4769996;15178.89;0.4769996;15188.49;0.4769996;16614.39;0.4769996;15778.72;0.4769996;14427.06;0.4769996;13823.09;0.4769996;14227.81;0.4769996;14573.7;0.4769996;14604.44
0.4799995;16236.8;0.4799995;15316;0.4799995;15323.38;0.4799995;16757.63;0.4799995;15921.97;0.4799995;14560.33;0.4799995;13949.59;0.4799995;14356.75;0.4799995;14707.03;0.4799995;14737.87
0.4829995;16380.08;0.4829995;15453.33;0.4829995;15459.19;0.4829995;16901.07;0.4829995;16065.59;0.4829995;14694.27;0.4829995;14076.23;0.4829995;14486.42;0.4829995;14840.61;0.4829995;14871.33
0.4859995;16523.39;0.4859995;15591.03;0.4859995;15595.15;0.4859995;17044.76;0.4859995;16209.38;0.4859995;14828.46;0.4859995;14203.72;0.4859995;14616.1;0.4859995;14976.01;0.4859995;15006.18
0.4889995;16667.37;0.4889995;15728.97;0.4889995;15731.6;0.4889995;17188.68;0.4889995;16353.24;0.4889995;14964.27;0.4889995;14331.2;0.4889995;14746.83;0.4889995;15112.89;0.4889995;15141.42
0.4919995;16811.57;0.4919995;15867.35;0.4919995;15868.28;0.4919995;17332.64;0.4919995;16497.19;0.4919995;15100.07;0.4919995;14460.4;0.4919995;14877.55;0.4919995;15250.07;0.4919995;15278.69
0.4949995;16955.96;0.4949995;16006.36;0.4949995;16005.35;0.4949995;17476.68;0.4949995;16641.34;0.4949995;15237.75;0.4949995;14589.69;0.4949995;15009.76;0.4949995;15387.78;0.4949995;15417.36
0.4979995;17100.49;0.4979995;16145.55;0.4979995;16142.85;0.4979995;17620.75;0.4979995;16785.94;0.4979995;15375.53;0.4979995;14721.08;0.4979995;15142.31;0.4979995;15525.63;0.4979995;15556.45
0.5009995;17245.15;0.5009995;16285.35;0.5009995;16280.39;0.5009995;17765.1;0.5009995;16930.55;0.5009995;15514.12;0.5009995;14853.12;0.5009995;15276.2;0.5009995;15664.18;0.5009995;15696.16
0.5039995;17390.06;0.5039995;16425.18;0.5039995;16418.07;0.5039995;17909.45;0.5039995;17075.25;0.5039995;15652.98;0.5039995;14985.66;0.5039995;15410.9;0.5039995;15802.73;0.5039995;15835.98
0.5069996;17534.99;0.5069996;16565.6;0.5069996;16555.81;0.5069996;18054.1;0.5069996;17219.96;0.5069996;15792.31;0.5069996;15118.58;0.5069996;15546.23;0.5069996;15942.04;0.5069996;15976.21
0.5099996;17680.04;0.5099996;16706.02;0.5099996;16694.07;0.5099996;18198.78;0.5099996;17365.11;0.5099996;15931.99;0.5099996;15251.83;0.5099996;15682.4;0.5099996;16081.36;0.5099996;16116.46
0.5129996;17825.1;0.5129996;16847.02;0.5129996;16832.33;0.5129996;18343.84;0.5129996;17510.31;0.5129996;16071.93;0.5129996;15385.64;0.5129996;15818.81;0.5129996;16221.3;0.5129996;16257.82
0.5159996;17970.14;0.5159996;16988.13;0.5159996;16971.13;0.5159996;18489.05;0.5159996;17655.79;0.5159996;16212.3;0.5159996;15519.62;0.5159996;15955.97;0.5159996;16361.4;0.5159996;16399.17
0.5189996;18115.18;0.5189996;17129.46;0.5189996;17109.99;0.5189996;18634.63;0.5189996;17801.37;0.5189996;16352.78;0.5189996;15654.34;0.5189996;16093.19;0.5189996;16501.67;0.5189996;16541.06
0.5219997;18260.54;0.5219997;17270.9;0.5219997;17249.2;0.5219997;18780.51;0.5219997;17947.14;0.5219997;16493.77;0.5219997;15789.06;0.5219997;16231.52;0.5219997;16642.05;0.5219997;16683.06
0.5249997;18405.99;0.5249997;17412.59;0.5249997;17388.55;0.5249997;18926.48;0.5249997;18093.09;0.5249997;16634.77;0.5249997;15924.39;0.5249997;16369.85;0.5249997;16782.8;0.5249997;16825.21
0.5279997;18551.71;0.5279997;17554.57;0.5279997;17528.01;0.5279997;19072.63;0.5279997;18239.17;0.5279997;16776.28;0.5279997;16059.73;0.5279997;16508.8;0.5279997;16924.12;0.5279997;16967.46
0.5309997;18697.61;0.5309997;17696.67;0.5309997;17667.56;0.5309997;19218.86;0.5309997;18385.51;0.5309997;16917.8;0.5309997;16195.66;0.5309997;16647.87;0.5309997;17065.53;0.5309997;17110.09
0.5339997;18843.66;0.5339997;17839.06;0.5339997;17807.27;0.5339997;19365.51;0.5339997;18531.94;0.5339997;17059.9;0.5339997;16331.75;0.5339997;16787.31;0.5339997;17207.27;0.5339997;17253.17
0.5369998;18989.93;0.5369998;17981.49;0.5369998;17947.25;0.5369998;19512.15;0.5369998;18678.77;0.5369998;17202.15;0.5369998;16468.05;0.5369998;16926.93;0.5369998;17349.02;0.5369998;17396.4
0.5399998;19136.34;0.5399998;18124.3;0.5399998;18087.28;0.5399998;19658.75;0.5399998;18825.6;0.5399998;17344.77;0.5399998;16604.47;0.5399998;17066.79;0.5399998;17491.38;0.5399998;17540.06
0.5429998;19283.26;0.5429998;18267.1;0.5429998;18227.62;0.5429998;19805.34;0.5429998;18972.89;0.5429998;17487.64;0.5429998;16741.17;0.5429998;17206.9;0.5429998;17633.74;0.5429998;17683.74
0.5459998;19430.18;0.5459998;18410.44;0.5459998;18367.96;0.5459998;19952.3;0.5459998;19120.2;0.5459998;17630.67;0.5459998;16878.24;0.5459998;17347.15;0.5459998;17776.63;0.5459998;17827.65
0.5489998;19577.09;0.5489998;18553.83;0.5489998;18508.63;0.5489998;20099.37;0.5489998;19267.8;0.5489998;17773.92;0.5489998;17015.4;0.5489998;17487.76;0.5489998;17919.65;0.5489998;17971.56
0.5519999;19724;0.5519999;18697.32;0.5519999;18649.32;0.5519999;20246.59;0.5519999;19415.49;0.5519999;17917.32;0.5519999;17152.85;0.5519999;17628.4;0.5519999;18062.92;0.5519999;18115.83
0.5549999;19871.34;0.5549999;18840.85;0.5549999;18790.48;0.5549999;20393.91;0.5549999;19563.39;0.5549999;18061.21;0.5549999;17290.31;0.5549999;17769.43;0.5549999;18206.34;0.5549999;18260.14
0.5579999;20018.76;0.5579999;18984.62;0.5579999;18931.79;0.5579999;20541.42;0.5579999;19711.45;0.5579999;18205.11;0.5579999;17428.16;0.5579999;17910.46;0.5579999;18350.09;0.5579999;18404.69
0.5609999;20166.4;0.5609999;19128.61;0.5609999;19073.26;0.5609999;20689.23;0.5609999;19859.71;0.5609999;18349.36;0.5609999;17566;0.5609999;18052.03;0.5609999;18494.29;0.5609999;18549.35
0.564;20314.17;0.564;19272.77;0.564;19214.85;0.564;20837.08;0.564;20008.29;0.564;18493.61;0.564;17704.4;0.564;18193.67;0.564;18638.64;0.564;18694.17
0.567;20462.13;0.567;19417.3;0.567;19356.53;0.567;20985.05;0.567;20156.89;0.567;18638.33;0.567;17842.9;0.567;18335.78;0.567;18783.48;0.567;18839.15
0.57;20610.32;0.57;19561.87;0.57;19498.35;0.57;21133.02;0.57;20305.54;0.57;18783.13;0.57;17981.79;0.57;18478.1;0.57;18928.33;0.57;18984.26
0.573;20758.56;0.573;19706.78;0.573;19640.26;0.573;21281.22;0.573;20454.2;0.573;18928.23;0.573;18120.9;0.573;18620.78;0.573;19073.23;0.573;19129.67
0.576;20906.98;0.576;19851.69;0.576;19782.5;0.576;21429.42;0.576;20603.5;0.576;19073.48;0.576;18260.24;0.576;18763.81;0.576;19218.14;0.576;19275.1
0.5790001;21055.42;0.5790001;19997.11;0.5790001;19924.76;0.5790001;21577.82;0.5790001;20752.8;0.5790001;19218.99;0.5790001;18399.84;0.5790001;18906.94;0.5790001;19363.7;0.5790001;19420.64
0.5820001;21204.05;0.5820001;20142.56;0.5820001;20067.4;0.5820001;21726.27;0.5820001;20902.34;0.5820001;19364.8;0.5820001;18539.55;0.5820001;19050.28;0.5820001;19509.37;0.5820001;19566.19
0.5850001;21352.7;0.5850001;20288.32;0.5850001;20210.05;0.5850001;21874.81;0.5850001;21051.94;0.5850001;19510.79;0.5850001;18679.53;0.5850001;19193.7;0.5850001;19655.43;0.5850001;19712.51
0.5880001;21501.59;0.5880001;20434.18;0.5880001;20352.87;0.5880001;22023.4;0.5880001;21201.9;0.5880001;19657.27;0.5880001;18819.57;0.5880001;19337.7;0.5880001;19801.7;0.5880001;19858.87
0.5910001;21650.53;0.5910001;20580.2;0.5910001;20495.72;0.5910001;22172.1;0.5910001;21352.08;0.5910001;19803.77;0.5910001;18960.28;0.5910001;19481.71;0.5910001;19948.04;0.5910001;20005.32
0.5940002;21799.64;0.5940002;20726.33;0.5940002;20638.87;0.5940002;22320.95;0.5940002;21502.27;0.5940002;19950.43;0.5940002;19101;0.5940002;19626.35;0.5940002;20094.47;0.5940002;20151.8
0.5970002;21948.83;0.5970002;20872.53;0.5970002;20782.19;0.5970002;22469.88;0.5970002;21652.47;0.5970002;20097.1;0.5970002;19241.74;0.5970002;19771.05;0.5970002;20240.98;0.5970002;20298.62
0.6000002;22098.13;0.6000002;21018.86;0.6000002;20925.5;0.6000002;22619.04;0.6000002;21802.75;0.6000002;20244.1;0.6000002;19382.49;0.6000002;19915.9;0.6000002;20387.69;0.6000002;20445.72
0.6030002;22247.52;0.6030002;21165.28;0.6030002;21068.81;0.6030002;22768.21;0.6030002;21953.21;0.6030002;20391.14;0.6030002;19523.83;0.6030002;20060.79;0.6030002;20534.45;0.6030002;20592.91
0.6060002;22396.99;0.6060002;21312.06;0.6060002;21212.27;0.6060002;22917.54;0.6060002;22103.7;0.6060002;20538.18;0.6060002;19665.42;0.6060002;20206.01;0.6060002;20681.7;0.6060002;20740.26
0.6090003;22546.67;0.6090003;21458.85;0.6090003;21356.16;0.6090003;23066.87;0.6090003;22254.62;0.6090003;20685.2;0.6090003;19807.24;0.6090003;20351.52;0.6090003;20828.94;0.6090003;20887.72
0.6120003;22696.37;0.6120003;21605.77;0.6120003;21500.06;0.6120003;23216.16;0.6120003;22405.53;0.6120003;20832.35;0.6120003;19949.28;0.6120003;20497.14;0.6120003;20976.42;0.6120003;21035.76
0.6150003;22846.22;0.6150003;21752.69;0.6150003;21644.11;0.6150003;23365.45;0.6150003;22556.57;0.6150003;20979.66;0.6150003;20091.39;0.6150003;20642.97;0.6150003;21123.93;0.6150003;21183.81
0.6180003;22996.09;0.6180003;21899.79;0.6180003;21788.17;0.6180003;23515.01;0.6180003;22707.63;0.6180003;21127.17;0.6180003;20233.65;0.6180003;20788.9;0.6180003;21271.76;0.6180003;21331.73
0.6210003;23146.21;0.6210003;22046.94;0.6210003;21932.64;0.6210003;23664.7;0.6210003;22858.75;0.6210003;21275.24;0.6210003;20376.01;0.6210003;20935.32;0.6210003;21419.73;0.6210003;21479.65
0.6240004;23296.36;0.6240004;22194.27;0.6240004;22077.17;0.6240004;23814.39;0.6240004;23009.91;0.6240004;21423.33;0.6240004;20518.98;0.6240004;21081.74;0.6240004;21568;0.6240004;21627.88
0.6270004;23446.67;0.6270004;22341.7;0.6270004;22221.86;0.6270004;23964.08;0.6270004;23161.22;0.6270004;21571.76;0.6270004;20661.95;0.6270004;21228.37;0.6270004;21716.55;0.6270004;21776.19
0.6300004;23597.03;0.6300004;22489.35;0.6300004;22366.63;0.6300004;24113.81;0.6300004;23312.7;0.6300004;21720.19;0.6300004;20805.01;0.6300004;21375.01;0.6300004;21865.27;0.6300004;21924.9
0.6330004;23747.52;0.6330004;22637.32;0.6330004;22511.59;0.6330004;24263.63;0.6330004;23464.19;0.6330004;21868.82;0.6330004;20948.08;0.6330004;21522.06;0.6330004;22014.38;0.6330004;22073.89
0.6360005;23898.11;0.6360005;22785.29;0.6360005;22656.75;0.6360005;24413.45;0.6360005;23615.68;0.6360005;22017.49;0.6360005;21091.56;0.6360005;21669.23;0.6360005;22163.55;0.6360005;22222.88
0.6390005;24048.6;0.6390005;22933.3;0.6390005;22801.96;0.6390005;24563.27;0.6390005;23767.21;0.6390005;22166.6;0.6390005;21235.19;0.6390005;21816.45;0.6390005;22313.16;0.6390005;22371.88
0.6420005;24198.88;0.6420005;23081.34;0.6420005;22947.27;0.6420005;24713.08;0.6420005;23918.96;0.6420005;22315.9;0.6420005;21379.04;0.6420005;21963.7;0.6420005;22462.76;0.6420005;22520.92
0.6450005;24349.25;0.6450005;23229.73;0.6450005;23092.6;0.6450005;24863.08;0.6450005;24070.71;0.6450005;22465.27;0.6450005;21523.07;0.6450005;22111.18;0.6450005;22612.39;0.6450005;22670.04
0.6480005;24500.02;0.6480005;23378.12;0.6480005;23238.05;0.6480005;25013.1;0.6480005;24222.39;0.6480005;22614.7;0.6480005;21667.08;0.6480005;22259.01;0.6480005;22762.03;0.6480005;22819.16
0.6510006;24650.78;0.6510006;23526.61;0.6510006;23383.5;0.6510006;25163.08;0.6510006;24374.07;0.6510006;22764.23;0.6510006;21811.05;0.6510006;22406.9;0.6510006;22912.1;0.6510006;22968.27
0.6540006;24801.62;0.6540006;23675.12;0.6540006;23529.31;0.6540006;25313.04;0.6540006;24525.9;0.6540006;22914;0.6540006;21955.06;0.6540006;22555.03;0.6540006;23062.32;0.6540006;23117.38
0.6570006;24952.46;0.6570006;23823.84;0.6570006;23675.15;0.6570006;25463.11;0.6570006;24677.79;0.6570006;23063.8;0.6570006;22099.27;0.6570006;22703.15;0.6570006;23212.8;0.6570006;23266.75
0.6600006;25103.31;0.6600006;23972.66;0.6600006;23820.96;0.6600006;25613.29;0.6600006;24829.79;0.6600006;23213.94;0.6600006;22243.48;0.6600006;22851.58;0.6600006;23363.48;0.6600006;23416.16
0.6630006;25254.16;0.6630006;24121.54;0.6630006;23966.76;0.6630006;25763.5;0.6630006;24981.89;0.6630006;23364.08;0.6630006;22388.26;0.6630006;23000;0.6630006;23514.23;0.6630006;23565.68
0.6660007;25405;0.6660007;24270.48;0.6660007;24112.66;0.6660007;25913.79;0.6660007;25134.04;0.6660007;23514.43;0.6660007;22533.04;0.6660007;23148.8;0.6660007;23665.12;0.6660007;23715.25
0.6690007;25555.83;0.6690007;24419.5;0.6690007;24258.63;0.6690007;26064.11;0.6690007;25286.29;0.6690007;23664.79;0.6690007;22678.14;0.6690007;23297.69;0.6690007;23816.09;0.6690007;23864.94
0.6720007;25706.64;0.6720007;24568.71;0.6720007;24404.66;0.6720007;26214.66;0.6720007;25438.58;0.6720007;23815.08;0.6720007;22823.31;0.6720007;23446.81;0.6720007;23967.43;0.6720007;24014.77
0.6750007;25857.43;0.6750007;24717.91;0.6750007;24550.78;0.6750007;26365.22;0.6750007;25591.01;0.6750007;23965.33;0.6750007;22968.73;0.6750007;23596.08;0.6750007;24118.78;0.6750007;24164.61
0.6780007;26008.21;0.6780007;24867.05;0.6780007;24696.92;0.6780007;26515.74;0.6780007;25743.44;0.6780007;24115.6;0.6780007;23114.31;0.6780007;23745.32;0.6780007;24270.37;0.6780007;24314.48
0.6810008;26158.99;0.6810008;25016.19;0.6810008;24843.18;0.6810008;26666.26;0.6810008;25895.63;0.6810008;24265.89;0.6810008;23260.04;0.6810008;23894.49;0.6810008;24421.96;0.6810008;24464.36
0.6840008;26309.77;0.6840008;25165.71;0.6840008;24989.44;0.6840008;26816.59;0.6840008;26047.8;0.6840008;24416.25;0.6840008;23405.97;0.6840008;24043.75;0.6840008;24573.4;0.6840008;24614.54
0.6870008;26460.66;0.6870008;25315.25;0.6870008;25135.81;0.6870008;26966.84;0.6870008;26200.22;0.6870008;24566.8;0.6870008;23551.96;0.6870008;24193.28;0.6870008;24724.8;0.6870008;24764.71
0.6900008;26611.54;0.6900008;25464.75;0.6900008;25282.18;0.6900008;27117.04;0.6900008;26352.69;0.6900008;24717.33;0.6900008;23698.12;0.6900008;24342.81;0.6900008;24876.41;0.6900008;24914.79
0.6930009;26762.5;0.6930009;25614.22;0.6930009;25428.5;0.6930009;27267.2;0.6930009;26505.16;0.6930009;24867.78;0.6930009;23844.29;0.6930009;24492.33;0.6930009;25028.14;0.6930009;25064.85
0.6960009;26913.47;0.6960009;25763.71;0.6960009;25574.8;0.6960009;27417.39;0.6960009;26657.62;0.6960009;25018.23;0.6960009;23990.72;0.6960009;24641.84;0.6960009;25180;0.6960009;25215.07
0.6990009;27064.37;0.6990009;25913.2;0.6990009;25721.19;0.6990009;27567.63;0.6990009;26810.17;0.6990009;25168.74;0.6990009;24137.15;0.6990009;24791.71;0.6990009;25332.05;0.6990009;25365.36
0.7020009;27215.22;0.7020009;26062.76;0.7020009;25867.63;0.7020009;27717.85;0.7020009;26962.84;0.7020009;25319.25;0.7020009;24283.85;0.7020009;24941.64;0.7020009;25484.12;0.7020009;25515.67
0.7050009;27366.16;0.7050009;26212.44;0.7050009;26014.14;0.7050009;27868.01;0.7050009;27115.45;0.7050009;25469.89;0.7050009;24430.6;0.7050009;25091.51;0.7050009;25636.24;0.7050009;25666
0.708001;27517.21;0.708001;26362.11;0.708001;26160.77;0.708001;28018.17;0.708001;27267.81;0.708001;25620.59;0.708001;24577.42;0.708001;25241.33;0.708001;25788.37;0.708001;25816.34
0.711001;27668.26;0.711001;26511.67;0.711001;26307.36;0.711001;28168.15;0.711001;27420.18;0.711001;25771.37;0.711001;24724.28;0.711001;25391.2;0.711001;25940.93;0.711001;25966.69
0.714001;27819.35;0.714001;26661.23;0.714001;26453.84;0.714001;28318.13;0.714001;27572.15;0.714001;25922.22;0.714001;24871.13;0.714001;25541.1;0.714001;26093.49;0.714001;26117.03
0.717001;27970.4;0.717001;26810.96;0.717001;26600.34;0.717001;28468.08;0.717001;27724.12;0.717001;26073.08;0.717001;25017.98;0.717001;25691.12;0.717001;26246.19;0.717001;26267.36
0.720001;28121.08;0.720001;26960.7;0.720001;26747.32;0.720001;28618.03;0.720001;27876.19;0.720001;26224;0.720001;25164.85;0.720001;25841.45;0.720001;26398.91;0.720001;26417.68
0.7230011;28271.76;0.7230011;27110.5;0.7230011;26894.29;0.7230011;28767.95;0.7230011;28028.27;0.7230011;26374.91;0.7230011;25311.79;0.7230011;25991.77;0.7230011;26551.66;0.7230011;26568.21
0.7260011;28422.53;0.7260011;27260.32;0.7260011;27041.33;0.7260011;28917.85;0.7260011;28180.25;0.7260011;26525.79;0.7260011;25458.73;0.7260011;26141.95;0.7260011;26704.44;0.7260011;26718.76
0.7290011;28573.3;0.7290011;27409.97;0.7290011;27188.38;0.7290011;29067.76;0.7290011;28332.17;0.7290011;26676.67;0.7290011;25605.68;0.7290011;26292.12;0.7290011;26857.2;0.7290011;26868.96
0.7320011;28724.05;0.7320011;27559.5;0.7320011;27335.33;0.7320011;29217.68;0.7320011;28484.19;0.7320011;26827.97;0.7320011;25752.63;0.7320011;26442.59;0.7320011;27009.95;0.7320011;27019.04
0.7350011;28874.78;0.7350011;27709.13;0.7350011;27482.23;0.7350011;29367.45;0.7350011;28636.32;0.7350011;26979.28;0.7350011;25899.93;0.7350011;26593.11;0.7350011;27162.89;0.7350011;27169.15
0.7380012;29025.48;0.7380012;27858.91;0.7380012;27629.17;0.7380012;29516.68;0.7380012;28788.49;0.7380012;27130.31;0.7380012;26047.28;0.7380012;26743.4;0.7380012;27316.28;0.7380012;27319.27
0.7410012;29176.16;0.7410012;28008.65;0.7410012;27776.13;0.7410012;29665.9;0.7410012;28940.75;0.7410012;27281.25;0.7410012;26194.49;0.7410012;26893.59;0.7410012;27469.62;0.7410012;27469.45
0.7440012;29326.61;0.7440012;28158.19;0.7440012;27923.04;0.7440012;29814.74;0.7440012;29093;0.7440012;27432.1;0.7440012;26341.65;0.7440012;27043.85;0.7440012;27622.53;0.7440012;27619.74
0.7470012;29476.58;0.7470012;28307.73;0.7470012;28069.81;0.7470012;29963.57;0.7470012;29245.13;0.7470012;27582.88;0.7470012;26488.78;0.7470012;27194.16;0.7470012;27775.43;0.7470012;27770.04
0.7500013;29626.62;0.7500013;28457.69;0.7500013;28216.62;0.7500013;30112.03;0.7500013;29397.25;0.7500013;27733.79;0.7500013;26635.89;0.7500013;27344.34;0.7500013;27928.78;0.7500013;27920.4
0.7530013;29777.05;0.7530013;28607.65;0.7530013;28363.73;0.7530013;30260.41;0.7530013;29549.16;0.7530013;27884.91;0.7530013;26783.04;0.7530013;27494.21;0.7530013;28082.17;0.7530013;28070.76
0.7560013;29927.48;0.7560013;28757.45;0.7560013;28510.85;0.7560013;30409.04;0.7560013;29701.03;0.7560013;28035.99;0.7560013;26930.3;0.7560013;27644.12;0.7560013;28235.37;0.7560013;28220.97
0.7590013;30077.33;0.7590013;28907.2;0.7590013;28657.95;0.7590013;30557.8;0.7590013;29852.82;0.7590013;28186.82;0.7590013;27077.54;0.7590013;27794.27;0.7590013;28388.49;0.7590013;28371.18
0.7620013;30227.14;0.7620013;29056.85;0.7620013;28805.05;0.7620013;30706.44;0.7620013;30004.57;0.7620013;28337.66;0.7620013;27224.54;0.7620013;27944.42;0.7620013;28541.58;0.7620013;28521.16
0.7650014;30377.06;0.7650014;29206.43;0.7650014;28952.04;0.7650014;30854.94;0.7650014;30156.37;0.7650014;28488.59;0.7650014;27371.54;0.7650014;28094.43;0.7650014;28694.64;0.7650014;28671.09
0.7680014;30527.01;0.7680014;29356.04;0.7680014;29099;0.7680014;31003.41;0.7680014;30308.21;0.7680014;28639.52;0.7680014;27518.72;0.7680014;28244.43;0.7680014;28847.62;0.7680014;28821.23
0.7710014;30677.13;0.7710014;29505.68;0.7710014;29245.98;0.7710014;31151.76;0.7710014;30459.98;0.7710014;28790.47;0.7710014;27665.91;0.7710014;28394.69;0.7710014;29000.43;0.7710014;28971.51
0.7740014;30827.38;0.7740014;29655.3;0.7740014;29392.98;0.7740014;31300.09;0.7740014;30611.57;0.7740014;28941.44;0.7740014;27813.22;0.7740014;28545.05;0.7740014;29153.22;0.7740014;29121.73
0.7770014;30977.62;0.7770014;29804.85;0.7770014;29539.88;0.7770014;31448.23;0.7770014;30763.12;0.7770014;29092.44;0.7770014;27960.57;0.7770014;28695.3;0.7770014;29305.86;0.7770014;29271.87
0.7800015;31127.82;0.7800015;29954.39;0.7800015;29686.58;0.7800015;31596.37;0.7800015;30914.33;0.7800015;29243.47;0.7800015;28107.79;0.7800015;28845.44;0.7800015;29458.49;0.7800015;29421.96
0.7830015;31277.98;0.7830015;30103.88;0.7830015;29833.31;0.7830015;31744.46;0.7830015;31065.55;0.7830015;29394.28;0.7830015;28254.9;0.7830015;28995.54;0.7830015;29610.39;0.7830015;29571.91
0.7860015;31428.02;0.7860015;30253.36;0.7860015;29980.36;0.7860015;31892.54;0.7860015;31216.61;0.7860015;29544.75;0.7860015;28402.13;0.7860015;29145.55;0.7860015;29762.26;0.7860015;29721.85
0.7890015;31578.05;0.7890015;30402.51;0.7890015;30127.41;0.7890015;32040.39;0.7890015;31367.67;0.7890015;29695.27;0.7890015;28549.62;0.7890015;29295.54;0.7890015;29914.38;0.7890015;29871.64
0.7920015;31727.95;0.7920015;30551.59;0.7920015;30274.3;0.7920015;32188.14;0.7920015;31518.58;0.7920015;29846.01;0.7920015;28697.04;0.7920015;29445.37;0.7920015;30066.58;0.7920015;30021.43
0.7950016;31877.85;0.7950016;30700.8;0.7950016;30421.17;0.7950016;32335.75;0.7950016;31669.43;0.7950016;29996.74;0.7950016;28844.08;0.7950016;29595.2;0.7950016;30218.83;0.7950016;30171.45
0.7980016;32027.84;0.7980016;30850.08;0.7980016;30567.99;0.7980016;32483.21;0.7980016;31820.42;0.7980016;30146.86;0.7980016;28991.12;0.7980016;29744.93;0.7980016;30371.12;0.7980016;30321.49
0.8010016;32177.84;0.8010016;30999.34;0.8010016;30714.8;0.8010016;32630.41;0.8010016;31971.53;0.8010016;30296.96;0.8010016;29138.18;0.8010016;29894.65;0.8010016;30523.37;0.8010016;30471.25
0.8040016;32327.54;0.8040016;31148.58;0.8040016;30861.54;0.8040016;32777.12;0.8040016;32122.49;0.8040016;30446.72;0.8040016;29285.24;0.8040016;30044.28;0.8040016;30675.56;0.8040016;30620.87
0.8070017;32477.06;0.8070017;31297.85;0.8070017;31008.2;0.8070017;32923.8;0.8070017;32273.16;0.8070017;30596.4;0.8070017;29432.4;0.8070017;30193.89;0.8070017;30827.72;0.8070017;30770.6
0.8100017;32626.55;0.8100017;31447.22;0.8100017;31154.87;0.8100017;33070.29;0.8100017;32423.85;0.8100017;30746.03;0.8100017;29579.59;0.8100017;30343.36;0.8100017;30979.74;0.8100017;30920.46
0.8130017;32776.01;0.8130017;31596.58;0.8130017;31301.54;0.8130017;33216.78;0.8130017;32574.62;0.8130017;30895.62;0.8130017;29726.84;0.8130017;30492.72;0.8130017;31131.75;0.8130017;31070.19
0.8160017;32925.26;0.8160017;31745.94;0.8160017;31448.2;0.8160017;33363.02;0.8160017;32725.38;0.8160017;31045.23;0.8160017;29874.13;0.8160017;30641.98;0.8160017;31283.75;0.8160017;31219.61
0.8190017;33073.85;0.8190017;31895.29;0.8190017;31594.77;0.8190017;33509.25;0.8190017;32875.96;0.8190017;31194.87;0.8190017;30021.33;0.8190017;30791.08;0.8190017;31435.74;0.8190017;31369.06
0.8220018;33222.44;0.8220018;32044.55;0.8220018;31741.33;0.8220018;33655.1;0.8220018;33026.54;0.8220018;31344.5;0.8220018;30168.38;0.8220018;30940.2;0.8220018;31587.79;0.8220018;31518.66
0.8250018;33371.14;0.8250018;32193.79;0.8250018;31887.37;0.8250018;33800.83;0.8250018;33176.55;0.8250018;31494.09;0.8250018;30315.45;0.8250018;31089.4;0.8250018;31739.85;0.8250018;31668.25
0.8280018;33519.83;0.8280018;32342.96;0.8280018;32033.38;0.8280018;33946.56;0.8280018;33326.39;0.8280018;31643.66;0.8280018;30462.6;0.8280018;31238.61;0.8280018;31891.67;0.8280018;31817.31
0.8310018;33668.54;0.8310018;32492.09;0.8310018;32179.24;0.8310018;34092.29;0.8310018;33476.1;0.8310018;31793.16;0.8310018;30609.74;0.8310018;31387.67;0.8310018;32043.34;0.8310018;31966.32
0.8340018;33817.25;0.8340018;32641.08;0.8340018;32325.06;0.8340018;34237.93;0.8340018;33625.72;0.8340018;31942.65;0.8340018;30756.83;0.8340018;31536.73;0.8340018;32194.8;0.8340018;32115.6
0.8370019;33965.61;0.8370019;32789.91;0.8370019;32470.88;0.8370019;34383.44;0.8370019;33775.38;0.8370019;32091.61;0.8370019;30903.91;0.8370019;31685.63;0.8370019;32346;0.8370019;32264.98