Curve No. 1;;Curve No. 2;;Curve No. 3;;Curve No. 4;;Curve No. 5;;Curve No. 6;;Curve No. 7;;Curve No. 8;;Curve No. 9;;Curve No. 10;
pos(%);f(cN);pos(%);f(cN);pos(%);f(cN);pos(%);f(cN);pos(%);f(cN);pos(%);f(cN);pos(%);f(cN);pos(%);f(cN);pos(%);f(cN);pos(%);f(cN)
0;480;0;480;0;480;0;480;0;480;0;480;0;480;0;480;0;480;0;480
0.003;531.1293;0.003;532.0163;0.003;538.7448;0.003;531.8942;0.003;531.3665;0.003;544.2621;0.003;535.8177;0.003;556.4333;0.003;549.5802;0.003;546.8514
0.006;581.6168;0.006;575.8686;0.006;594.7733;0.006;578.9583;0.006;574.5444;0.006;600.2523;0.006;589.3522;0.006;620.0603;0.006;610.2221;0.006;609.7609
0.009;632.1044;0.009;619.799;0.009;650.8018;0.009;626.0224;0.009;625.8555;0.009;661.5335;0.009;642.8867;0.009;692.2423;0.009;672.1149;0.009;672.6704
0.012;682.592;0.012;681.5634;0.012;708.636;0.012;681.6252;0.012;682.6694;0.012;733.5561;0.012;698.6533;0.012;781.0302;0.012;750.2957;0.012;739.4786
0.015;744.2813;0.015;743.3278;0.015;781.1302;0.015;744.898;0.015;743.0615;0.015;806.994;0.015;763.549;0.015;872.0786;0.015;828.4763;0.015;821.9528
0.018;809.4393;0.018;814.7937;0.018;853.6245;0.018;811.4534;0.018;808.7482;0.018;888.8072;0.018;828.4529;0.018;976.4182;0.018;916.0745;0.018;904.4657
0.021;881.4161;0.021;888.5201;0.021;935.8577;0.021;884.5175;0.021;876.2124;0.021;970.6204;0.021;900.9221;0.021;1080.758;0.021;1004.973;0.021;998.8632
0.024;958.4976;0.024;968.6954;0.024;1018.91;0.024;958.9584;0.024;950.2603;0.024;1060.064;0.024;973.3911;0.024;1197.236;0.024;1100.508;0.024;1093.261
0.027;1039.47;0.027;1052.903;0.027;1107.437;0.027;1041.707;0.027;1024.456;0.027;1149.888;0.027;1052.445;0.027;1314.363;0.027;1199.082;0.027;1196.091
0.03;1126.756;0.03;1141.183;0.03;1197.975;0.03;1124.456;0.03;1106.225;0.03;1247.755;0.03;1133.081;0.03;1440.348;0.03;1302.721;0.03;1300.947
0.033;1215.898;0.033;1235.119;0.033;1293.256;0.033;1216.167;0.033;1187.994;0.033;1348.185;0.033;1219.051;0.033;1569.217;0.033;1411.595;0.033;1412.219
0.036;1312.756;0.036;1331.05;0.036;1392.541;0.036;1308.375;0.036;1276.31;0.036;1454.415;0.036;1308.417;0.036;1704.144;0.036;1523.581;0.036;1527.551
0.039;1409.686;0.039;1433.826;0.039;1494.55;0.039;1407.726;0.039;1366.003;0.039;1565.12;0.039;1388.639;0.039;1843.873;0.039;1642.842;0.039;1647.022
0.042;1516.768;0.042;1536.863;0.042;1601.568;0.042;1509.436;0.042;1460.997;0.042;1679.714;0.042;1455.978;0.042;1986.877;0.042;1763.081;0.042;1772.231
0.045;1623.849;0.045;1647.724;0.045;1709.948;0.045;1596.756;0.045;1559.069;0.045;1800.926;0.045;1524.388;0.045;2135.702;0.045;1891.401;0.045;1899.403
0.048;1739.106;0.048;1758.585;0.048;1825.32;0.048;1672.636;0.048;1660.698;0.048;1924.103;0.048;1596.6;0.048;2285.74;0.048;2019.722;0.048;2033.326
0.051;1856.155;0.051;1876.462;0.051;1940.692;0.051;1750.348;0.051;1766.824;0.051;2056.379;0.051;1668.94;0.051;2442.049;0.051;2156.138;0.051;2167.481
0.05399999;1979.635;0.05399999;1995.701;0.05399999;2062.685;0.05399999;1831.259;0.05399999;1874.799;0.05399999;2188.656;0.05399999;1746.223;0.05399999;2598.358;0.05399999;2293.304;0.05399999;2308.429
0.05699999;2106.869;0.05699999;2119.4;0.05699999;2184.865;0.05699999;1913.109;0.05699999;1988.296;0.05699999;2331.071;0.05699999;1823.506;0.05699999;2762.541;0.05699999;2436.313;0.05699999;2449.377
0.05999999;2237.752;0.05999999;2245.593;0.05999999;2312.039;0.05999999;1999.486;0.05999999;2100.284;0.05999999;2473.636;0.05999999;1905.078;0.05999999;2927.002;0.05999999;2581.56;0.05999999;2596.862
0.06299999;2373.248;0.06299999;2374.557;0.06299999;2440.607;0.06299999;2085.864;0.06299999;2188.379;0.06299999;2622.721;0.06299999;1987.529;0.06299999;3099.668;0.06299999;2732.422;0.06299999;2745.592
0.06599999;2510.606;0.06599999;2506.961;0.06599999;2572.196;0.06599999;2177.534;0.06599999;2276.474;0.06599999;2773.5;0.06599999;2073.391;0.06599999;3274.77;0.06599999;2888.251;0.06599999;2900.859
0.06899999;2653.487;0.06899999;2632.37;0.06899999;2705.87;0.06899999;2269.318;0.06899999;2368.79;0.06899999;2929.698;0.06899999;2161.216;0.06899999;3453.893;0.06899999;3033.304;0.06899999;3059.695
0.07199999;2796.913;0.07199999;2737.095;0.07199999;2842.06;0.07199999;2365.412;0.07199999;2461.75;0.07199999;3089.483;0.07199999;2251.277;0.07199999;3635.964;0.07199999;3157.314;0.07199999;3204.15
0.07499999;2948.332;0.07499999;2842.172;0.07499999;2981.984;0.07499999;2462.671;0.07499999;2558.596;0.07499999;3253.996;0.07499999;2344.201;0.07499999;3816.331;0.07499999;3282.263;0.07499999;3331.287
0.07799999;3099.75;0.07799999;2952.855;0.07799999;3123.51;0.07799999;2563.683;0.07799999;2657.303;0.07799999;3425.271;0.07799999;2438.555;0.07799999;3993.963;0.07799999;3412.677;0.07799999;3459.9
0.08099999;3259.794;0.08099999;3063.538;0.08099999;3270.997;0.08099999;2667.255;0.08099999;2758.982;0.08099999;3598.441;0.08099999;2537.353;0.08099999;4165.903;0.08099999;3543.09;0.08099999;3592.714
0.08399998;3421.071;0.08399998;3178.944;0.08399998;3417.975;0.08399998;2773.671;0.08399998;2863.811;0.08399998;3778.283;0.08399998;2636.431;0.08399998;4313.729;0.08399998;3677.61;0.08399998;3725.809
0.08699998;3560.924;0.08699998;3295.091;0.08699998;3540.466;0.08699998;2884.326;0.08699998;2970.488;0.08699998;3958.075;0.08699998;2741.103;0.08699998;4461.554;0.08699998;3812.33;0.08699998;3862.896
0.08999998;3690.966;0.08999998;3415.226;0.08999998;3662.958;0.08999998;2996.354;0.08999998;3081.576;0.08999998;4136.353;0.08999998;2845.774;0.08999998;4615.841;0.08999998;3948.615;0.08999998;3999.981
0.09299998;3823.2;0.09299998;3537.32;0.09299998;3789.053;0.09299998;3113.595;0.09299998;3193.305;0.09299998;4314.63;0.09299998;2956.168;0.09299998;4770.144;0.09299998;4085.392;0.09299998;4139.228
0.09599998;3957.652;0.09599998;3661.738;0.09599998;3915.889;0.09599998;3230.929;0.09599998;3310.462;0.09599998;4468.085;0.09599998;3067.551;0.09599998;4929.989;0.09599998;4225.554;0.09599998;4278.791
0.09899998;4092.927;0.09899998;3788.699;0.09899998;4044.527;0.09899998;3354.414;0.09899998;3427.619;0.09899998;4616.924;0.09899998;3183.1;0.09899998;5091.176;0.09899998;4368.284;0.09899998;4421.53
0.102;4230.06;0.102;3916.461;0.102;4174.18;0.102;3477.899;0.102;3550.149;0.102;4769.559;0.102;3300.814;0.102;5256.501;0.102;4513.365;0.102;4565.773
0.105;4367.688;0.105;4046.23;0.105;4304.862;0.105;3605.928;0.105;3673.17;0.105;4924.207;0.105;3421.221;0.105;5424.439;0.105;4662.331;0.105;4713.201
0.108;4509.036;0.108;4176.282;0.108;4436.808;0.108;3734.949;0.108;3799.885;0.108;5081.723;0.108;3544.753;0.108;5594.999;0.108;4812.48;0.108;4864.003
0.111;4650.383;0.111;4309.086;0.111;4569.829;0.111;3866.266;0.111;3927.983;0.111;5242.558;0.111;3669.799;0.111;5769.158;0.111;4967.827;0.111;5016.547
0.114;4797.046;0.114;4441.89;0.114;4705.919;0.114;3998.948;0.114;4057.431;0.114;5405.101;0.114;3798.971;0.114;5944.814;0.114;5123.173;0.114;5173.32
0.117;4944.118;0.117;4579.623;0.117;4842.36;0.117;4132.996;0.117;4188.034;0.117;5572.18;0.117;3928.401;0.117;6125.52;0.117;5284.658;0.117;5330.714
0.12;5095.609;0.12;4717.896;0.12;4983.562;0.12;4268.839;0.12;4319.816;0.12;5739.774;0.12;4061.03;0.12;6306.445;0.12;5446.184;0.12;5493.831
0.123;5248.66;0.123;4860.396;0.123;5124.763;0.123;4406.135;0.123;4453.784;0.123;5913.075;0.123;4193.659;0.123;6493.261;0.123;5612.873;0.123;5656.948
0.126;5405.24;0.126;5004.63;0.126;5270.295;0.126;4548.096;0.126;4588.672;0.126;6086.375;0.126;4328.421;0.126;6680.077;0.126;5780.849;0.126;5825.43
0.129;5564.713;0.129;5151.983;0.129;5416.432;0.129;4690.321;0.129;4728.327;0.129;6264.871;0.129;4463.468;0.129;6871.436;0.129;5952.378;0.129;5994.492
0.132;5726.168;0.132;5302.266;0.132;5565.911;0.132;4838.498;0.132;4867.983;0.132;6443.999;0.132;4601.926;0.132;7063.64;0.132;6126.197;0.132;6167.594
0.135;5891.152;0.135;5454.379;0.135;5716.904;0.135;4986.676;0.135;5013.674;0.135;6627.234;0.135;4741.931;0.135;7259.203;0.135;6302.255;0.135;6342.371
0.138;6057.135;0.138;5610.327;0.138;5870.162;0.138;5140.758;0.138;5159.539;0.138;6812.231;0.138;4884.957;0.138;7456.575;0.138;6481.467;0.138;6519.635
0.141;6228.009;0.141;5766.956;0.141;6025.703;0.141;5295.901;0.141;5309.934;0.141;6999.93;0.141;5031.081;0.141;7656.276;0.141;6661.849;0.141;6699.27
0.144;6398.884;0.144;5928.124;0.144;6182.574;0.144;5455.204;0.144;5461.582;0.144;7190.248;0.144;5178.965;0.144;7858.743;0.144;6846.339;0.144;6880.456
0.147;6575.209;0.147;6089.291;0.147;6342.444;0.147;5616.706;0.147;5616.797;0.147;7382.107;0.147;5330.951;0.147;8062.254;0.147;7030.966;0.147;7064.986
0.15;6751.647;0.15;6255.202;0.15;6502.775;0.15;5780.922;0.15;5774.455;0.15;7577.319;0.15;5483.538;0.15;8268.668;0.15;7220.229;0.15;7250.068
0.153;6931.789;0.153;6421.431;0.153;6666.626;0.153;5948.32;0.153;5934.313;0.153;7773.167;0.153;5641.138;0.153;8475.361;0.153;7409.493;0.153;7439.093
0.156;7112.908;0.156;6591.226;0.156;6830.477;0.156;6117.303;0.156;6097.42;0.156;7973.574;0.156;5798.737;0.156;8685.615;0.156;7602.592;0.156;7628.118
0.159;7297.004;0.159;6762.242;0.159;6997.551;0.159;6290.662;0.159;6261.725;0.159;8173.98;0.159;5961.345;0.159;8895.868;0.159;7796.441;0.159;7820.977
0.162;7483.066;0.162;6935.708;0.162;7164.885;0.162;6464.405;0.162;6430.437;0.162;8378.637;0.162;6124.424;0.162;9108.873;0.162;7993.119;0.162;8014.133
0.1650001;7671.016;0.1650001;7111.148;0.1650001;7335.086;0.1650001;6643.178;0.1650001;6599.271;0.1650001;8583.609;0.1650001;6291.13;0.1650001;9322.248;0.1650001;8191.359;0.1650001;8210.141
0.1680001;7861.649;0.1680001;7288.108;0.1680001;7506.322;0.1680001;6821.951;0.1680001;6772.854;0.1680001;8792.038;0.1680001;6459.242;0.1680001;9538.108;0.1680001;8391.485;0.1680001;8407.189
0.1710001;8053.142;0.1710001;7467.745;0.1710001;7679.453;0.1710001;7005.02;0.1710001;6946.439;0.1710001;9001.684;0.1710001;6629.971;0.1710001;9755.086;0.1710001;8593.912;0.1710001;8606.177
0.1740001;8247.612;0.1740001;7648.045;0.1740001;7854.175;0.1740001;7188.698;0.1740001;7123.746;0.1740001;9213.682;0.1740001;6803.057;0.1740001;9973.786;0.1740001;8797.353;0.1740001;8806.831
0.1770001;8442.247;0.1770001;7831.575;0.1770001;8030.097;0.1770001;7375.605;0.1770001;7301.788;0.1770001;9427.616;0.1770001;6977.691;0.1770001;10194.22;0.1770001;9003.728;0.1770001;9008.741
0.1800001;8641.451;0.1800001;8015.105;0.1800001;8208.221;0.1800001;7564.026;0.1800001;7483.074;0.1800001;9642.989;0.1800001;7155.427;0.1800001;10415.47;0.1800001;9210.353;0.1800001;9213.054
0.1830001;8840.655;0.1830001;8202.109;0.1830001;8386.89;0.1830001;7754.558;0.1830001;7666.143;0.1830001;9860.942;0.1830001;7333.841;0.1830001;10638.55;0.1830001;9420.709;0.1830001;9417.893
0.1860001;9043.237;0.1860001;8389.185;0.1860001;8568.388;0.1860001;7947.327;0.1860001;7851.135;0.1860001;10079.63;0.1860001;7516.477;0.1860001;10862.04;0.1860001;9631.064;0.1860001;9625.727
0.1890001;9246.438;0.1890001;8578.837;0.1890001;8749.886;0.1890001;8141.307;0.1890001;8038.424;0.1890001;10301.95;0.1890001;7699.112;0.1890001;11088.6;0.1890001;9844.685;0.1890001;9833.56
0.1920001;9452.157;0.1920001;8769.179;0.1920001;8934.245;0.1920001;8338.263;0.1920001;8226.886;0.1920001;10524.28;0.1920001;7885.951;0.1920001;11315.15;0.1920001;10058.8;0.1920001;10044.61
0.1950001;9659.197;0.1950001;8961.64;0.1950001;9118.693;0.1950001;8535.589;0.1950001;8418.576;0.1950001;10750.55;0.1950001;8073.034;0.1950001;11544.22;0.1950001;10275.47;0.1950001;10255.81
0.1980001;9867.878;0.1980001;9155.521;0.1980001;9305.133;0.1980001;8736.58;0.1980001;8610.602;0.1980001;10976.91;0.1980001;8263.759;0.1980001;11773.49;0.1980001;10493.37;0.1980001;10469.43
0.2010001;10078.44;0.2010001;9350.646;0.2010001;9492.137;0.2010001;8937.57;0.2010001;8806.702;0.2010001;11206.14;0.2010001;8455.682;0.2010001;12004.95;0.2010001;10713;0.2010001;10683.8
0.2040001;10289.98;0.2040001;9547.564;0.2040001;9680.86;0.2040001;9142.238;0.2040001;9002.803;0.2040001;11436.15;0.2040001;8649.95;0.2040001;12237.2;0.2040001;10934.48;0.2040001;10899.98
0.2070001;10504.09;0.2070001;9745.124;0.2070001;9870.788;0.2070001;9347.336;0.2070001;9202.579;0.2070001;11668.37;0.2070001;8846.063;0.2070001;12470.82;0.2070001;11156.84;0.2070001;11117.54
0.2100001;10718.48;0.2100001;9944.966;0.2100001;10061.74;0.2100001;9555.134;0.2100001;9402.825;0.2100001;11902.08;0.2100001;9043.795;0.2100001;12705.58;0.2100001;11381.35;0.2100001;11336.14
0.2130001;10935.78;0.2130001;10144.89;0.2130001;10254.25;0.2130001;9764.087;0.2130001;9605.941;0.2130001;12137.15;0.2130001;9244.323;0.2130001;12941.17;0.2130001;11606.19;0.2130001;11556.46
0.2160002;11153.08;0.2160002;10347.66;0.2160002;10447.3;0.2160002;9975.121;0.2160002;9810.303;0.2160002;12374.22;0.2160002;9445.564;0.2160002;13178.27;0.2160002;11834.1;0.2160002;11777.27
0.2190002;11373.15;0.2190002;10550.42;0.2190002;10642.43;0.2190002;10188.2;0.2190002;10016.78;0.2190002;12611.94;0.2190002;9650.177;0.2190002;13415.78;0.2190002;12062.01;0.2190002;12000.27
0.2220002;11593.54;0.2220002;10755.66;0.2220002;10837.58;0.2220002;10402.41;0.2220002;10225.3;0.2220002;12852.01;0.2220002;9854.788;0.2220002;13655.35;0.2220002;12292.38;0.2220002;12223.27
0.2250002;11816.13;0.2250002;10961.38;0.2250002;11034.86;0.2250002;10619.13;0.2250002;10435.16;0.2250002;13092.18;0.2250002;10063.11;0.2250002;13894.93;0.2250002;12523.02;0.2250002;12448.8
0.2280002;12039.62;0.2280002;11168.86;0.2280002;11232.13;0.2280002;10836.24;0.2280002;10647.87;0.2280002;13335.44;0.2280002;10271.51;0.2280002;14136.92;0.2280002;12755.79;0.2280002;12674.36
0.2310002;12264.6;0.2310002;11377.3;0.2310002;11431.27;0.2310002;11056.32;0.2310002;10861.01;0.2310002;13578.7;0.2310002;10483.05;0.2310002;14378.96;0.2310002;12989.46;0.2310002;12902.21
0.2340002;12490.95;0.2340002;11587;0.2340002;11630.81;0.2340002;11276.39;0.2340002;11077.04;0.2340002;13824.33;0.2340002;10695.45;0.2340002;14622.87;0.2340002;13224.58;0.2340002;13130.64
0.2370002;12718.17;0.2370002;11798.17;0.2370002;11831.86;0.2370002;11499.58;0.2370002;11293.08;0.2370002;14070.42;0.2370002;10909.86;0.2370002;14867.29;0.2370002;13461.13;0.2370002;13360.44
0.2400002;12947.17;0.2400002;12010.12;0.2400002;12033.8;0.2400002;11723.05;0.2400002;11512.35;0.2400002;14318.28;0.2400002;11125.66;0.2400002;15113.13;0.2400002;13698.5;0.2400002;13591.16
0.2430002;13176.48;0.2430002;12224.18;0.2430002;12236.71;0.2430002;11948.87;0.2430002;11731.82;0.2430002;14567.09;0.2430002;11342.79;0.2430002;15359.93;0.2430002;13937.72;0.2430002;13822.89
0.2460002;13407.71;0.2460002;12438.41;0.2460002;12440.88;0.2460002;12175.57;0.2460002;11954;0.2460002;14817.2;0.2460002;11561.91;0.2460002;15607.55;0.2460002;14177.19;0.2460002;14056.1
0.2490002;13638.94;0.2490002;12654.7;0.2490002;12645.58;0.2490002;12403.95;0.2490002;12177.08;0.2490002;15068.84;0.2490002;11781.67;0.2490002;15856.37;0.2490002;14418.64;0.2490002;14289.92
0.2520002;13872.8;0.2520002;12870.98;0.2520002;12851.93;0.2520002;12633.8;0.2520002;12402.06;0.2520002;15321.31;0.2520002;12003.87;0.2520002;16105.39;0.2520002;14660.1;0.2520002;14526.01
0.2550002;14106.79;0.2550002;13089.6;0.2550002;13058.41;0.2550002;12864.82;0.2550002;12628.56;0.2550002;15576;0.2550002;12226.12;0.2550002;16355.13;0.2550002;14904.13;0.2550002;14762.14
0.2580002;14342.58;0.2580002;13308.53;0.2580002;13267.39;0.2580002;13098.17;0.2580002;12856.38;0.2580002;15830.86;0.2580002;12451.39;0.2580002;16604.9;0.2580002;15148.38;0.2580002;15000.43
0.2610002;14578.92;0.2610002;13529.19;0.2610002;13476.38;0.2610002;13331.88;0.2610002;13086.48;0.2610002;16087.79;0.2610002;12676.65;0.2610002;16855.94;0.2610002;15394.45;0.2610002;15238.72
0.2640002;14816.7;0.2640002;13750.61;0.2640002;13687.07;0.2640002;13567.77;0.2640002;13317.2;0.2640002;16344.71;0.2640002;12904.69;0.2640002;17106.99;0.2640002;15641.22;0.2640002;15478.87
0.2670002;15055.54;0.2670002;13973.38;0.2670002;13898.03;0.2670002;13803.67;0.2670002;13550.82;0.2670002;16603.2;0.2670002;13133.31;0.2670002;17358.72;0.2670002;15888.85;0.2670002;15719.41
0.2700002;15295.25;0.2700002;14197.47;0.2700002;14110.46;0.2700002;14042.37;0.2700002;13784.44;0.2700002;16861.88;0.2700002;13363.72;0.2700002;17610.58;0.2700002;16137.22;0.2700002;15960.83
0.2730002;15536.36;0.2730002;14422.21;0.2730002;14323.6;0.2730002;14281.24;0.2730002;14020.69;0.2730002;17121.43;0.2730002;13595.15;0.2730002;17863.35;0.2730002;16386.01;0.2730002;16202.75
0.2760001;15777.86;0.2760001;14648.38;0.2760001;14537.78;0.2760001;14522.19;0.2760001;14256.97;0.2760001;17381.36;0.2760001;13827.84;0.2760001;18116.6;0.2760001;16635.58;0.2760001;16444.95
0.2790001;16021;0.2790001;14874.84;0.2790001;14753.08;0.2790001;14763.83;0.2790001;14496.19;0.2790001;17642.02;0.2790001;14062.12;0.2790001;18370.74;0.2790001;16885.3;0.2790001;16687.48
0.2820001;16264.14;0.2820001;15103.34;0.2820001;14968.72;0.2820001;15006.99;0.2820001;14736.16;0.2820001;17903.38;0.2820001;14296.94;0.2820001;18625.95;0.2820001;17135.93;0.2820001;16930.29
0.2850001;16508.26;0.2850001;15331.83;0.2850001;15185.2;0.2850001;15251.34;0.2850001;14977.88;0.2850001;18165.13;0.2850001;14533.41;0.2850001;18882.44;0.2850001;17386.55;0.2850001;17173.95
0.2880001;16752.38;0.2880001;15561.75;0.2880001;15401.8;0.2880001;15496.49;0.2880001;15220.73;0.2880001;18427.75;0.2880001;14770.06;0.2880001;19142.58;0.2880001;17638.22;0.2880001;17417.68
0.2910001;16997.37;0.2910001;15791.78;0.2910001;15619.49;0.2910001;15743.04;0.2910001;15464.62;0.2910001;18690.69;0.2910001;15009.59;0.2910001;19402.97;0.2910001;17889.96;0.2910001;17662.63
0.2940001;17242.55;0.2940001;16022.6;0.2940001;15837.17;0.2940001;15989.93;0.2940001;15709.98;0.2940001;18955.85;0.2940001;15249.12;0.2940001;19666.75;0.2940001;18143.07;0.2940001;17907.59
0.2970001;17488.54;0.2970001;16253.7;0.2970001;16055.9;0.2970001;16238.47;0.2970001;15955.79;0.2970001;19221.01;0.2970001;15490.29;0.2970001;19930.53;0.2970001;18396.65;0.2970001;18153.85
0.3000001;17734.99;0.3000001;16485.81;0.3000001;16274.74;0.3000001;16487;0.3000001;16203.2;0.3000001;19490.1;0.3000001;15731.71;0.3000001;20195.44;0.3000001;18652.07;0.3000001;18400.32
0.3030001;17982.13;0.3030001;16718.74;0.3030001;16494.54;0.3030001;16736.52;0.3030001;16450.67;0.3030001;19759.45;0.3030001;15974.27;0.3030001;20460.51;0.3030001;18908.98;0.3030001;18648.68
0.3060001;18230.11;0.3060001;16952.18;0.3060001;16714.71;0.3060001;16986.05;0.3060001;16699.92;0.3060001;20031.96;0.3060001;16217.38;0.3060001;20726.1;0.3060001;19167.77;0.3060001;18897.98
0.309;18478.87;0.309;17186.5;0.309;16936.12;0.309;17236.56;0.309;16949.18;0.309;20305.53;0.309;16460.83;0.309;20991.92;0.309;19429.95;0.309;19149.56
0.312;18729.92;0.312;17421.22;0.312;17158.64;0.312;17487.34;0.312;17199.82;0.312;20580.37;0.312;16704.65;0.312;21257.78;0.312;19692.38;0.312;19403.67
0.315;18981.26;0.315;17657.94;0.315;17382.36;0.315;17739.1;0.315;17450.74;0.315;20856.23;0.315;16948.87;0.315;21523.67;0.315;19956.15;0.315;19658.5
0.318;19236.87;0.318;17894.65;0.318;17608.5;0.318;17991.53;0.318;17702.83;0.318;21132.65;0.318;17194.08;0.318;21789.63;0.318;20219.92;0.318;19915.19
0.321;19492.48;0.321;18135.62;0.321;17835.22;0.321;18244.87;0.321;17955.58;0.321;21410.02;0.321;17439.43;0.321;22055.71;0.321;20484.82;0.321;20171.92
0.324;19750.55;0.324;18376.7;0.324;18065.44;0.324;18499.62;0.324;18209.63;0.324;21687.57;0.324;17685.99;0.324;22321.81;0.324;20749.75;0.324;20428.98
0.327;20008.98;0.327;18620.66;0.327;18295.65;0.327;18755.25;0.327;18465.24;0.327;21965.92;0.327;17932.55;0.327;22588.12;0.327;21015.27;0.327;20686.05
0.33;20268.2;0.33;18865.43;0.33;18527.71;0.33;19014.5;0.33;18722.14;0.33;22244.28;0.33;18180.89;0.33;22854.42;0.33;21280.95;0.33;20943.77
0.333;20527.79;0.333;19111.09;0.333;18759.86;0.333;19273.77;0.333;18982.78;0.333;22523.61;0.333;18429.41;0.333;23120.65;0.333;21547.05;0.333;21201.57
0.336;20787.85;0.336;19357.38;0.336;18992.84;0.336;19537.4;0.336;19243.68;0.336;22802.94;0.336;18680.84;0.336;23386.87;0.336;21813.45;0.336;21459.84
0.339;21048.39;0.339;19604.13;0.339;19226.09;0.339;19801.03;0.339;19508.5;0.339;23082.84;0.339;18933.41;0.339;23653.29;0.339;22079.88;0.339;21718.3
0.3419999;21309.06;0.3419999;19851.61;0.3419999;19459.79;0.3419999;20065.69;0.3419999;19773.32;0.3419999;23362.88;0.3419999;19188.21;0.3419999;23919.79;0.3419999;22346.36;0.3419999;21976.78
0.3449999;21570;0.3449999;20099.14;0.3449999;19693.82;0.3449999;20330.59;0.3449999;20039.32;0.3449999;23643.31;0.3449999;19444.98;0.3449999;24186.32;0.3449999;22613.06;0.3449999;22235.27
0.3479999;21831.04;0.3479999;20346.91;0.3479999;19928.03;0.3479999;20596.32;0.3479999;20305.5;0.3479999;23924;0.3479999;19702.43;0.3479999;24452.87;0.3479999;22880.72;0.3479999;22493.78
0.3509999;22092.82;0.3509999;20594.68;0.3509999;20162.52;0.3509999;20862.57;0.3509999;20572.54;0.3509999;24204.96;0.3509999;19961.19;0.3509999;24719.38;0.3509999;23148.38;0.3509999;22752.35
0.3539999;22354.61;0.3539999;20842.87;0.3539999;20397.15;0.3539999;21128.96;0.3539999;20840.01;0.3539999;24486.29;0.3539999;20220.04;0.3539999;24985.84;0.3539999;23416.19;0.3539999;23010.98
0.3569999;22616.8;0.3569999;21091.05;0.3569999;20632.4;0.3569999;21395.54;0.3569999;21107.98;0.3569999;24767.74;0.3569999;20479.35;0.3569999;25252.3;0.3569999;23683.99;0.3569999;23270.09
0.3599999;22879.02;0.3599999;21339.99;0.3599999;20867.64;0.3599999;21662.32;0.3599999;21376.51;0.3599999;25049.6;0.3599999;20738.66;0.3599999;25518.79;0.3599999;23952.27;0.3599999;23529.19
0.3629999;23141.44;0.3629999;21589.11;0.3629999;21103.38;0.3629999;21929.76;0.3629999;21645.16;0.3629999;25331.48;0.3629999;20998.52;0.3629999;25785.28;0.3629999;24220.67;0.3629999;23788.95
0.3659999;23403.92;0.3659999;21838.38;0.3659999;21339.13;0.3659999;22197.22;0.3659999;21914.08;0.3659999;25614;0.3659999;21258.41;0.3659999;26051.55;0.3659999;24489.51;0.3659999;24048.76
0.3689999;23666.73;0.3689999;22087.75;0.3689999;21575.31;0.3689999;22465.2;0.3689999;22183.09;0.3689999;25896.52;0.3689999;21518.82;0.3689999;26317.81;0.3689999;24758.64;0.3689999;24308.69
0.3719999;23929.8;0.3719999;22337.32;0.3719999;21811.6;0.3719999;22733.18;0.3719999;22452.97;0.3719999;26179.42;0.3719999;21779.4;0.3719999;26584.19;0.3719999;25027.75;0.3719999;24568.68
0.3749999;24193.09;0.3749999;22587.13;0.3749999;22048.2;0.3749999;23001.5;0.3749999;22722.84;0.3749999;26462.39;0.3749999;22040.12;0.3749999;26850.61;0.3749999;25296.84;0.3749999;24828.76
0.3779998;24456.8;0.3779998;22836.9;0.3779998;22285;0.3779998;23269.9;0.3779998;22993.13;0.3779998;26745.97;0.3779998;22300.92;0.3779998;27116.92;0.3779998;25566.13;0.3779998;25088.94
0.3809998;24720.56;0.3809998;23086.52;0.3809998;22521.92;0.3809998;23538.72;0.3809998;23263.46;0.3809998;27029.88;0.3809998;22561.99;0.3809998;27383.12;0.3809998;25836.21;0.3809998;25349.17
0.3839998;24984.56;0.3839998;23336.16;0.3839998;22758.99;0.3839998;23807.79;0.3839998;23535.02;0.3839998;27313.97;0.3839998;22823.48;0.3839998;27649;0.3839998;26106.28;0.3839998;25609.51
0.3869998;25248.55;0.3869998;23586.48;0.3869998;22996.12;0.3869998;24077.15;0.3869998;23807.06;0.3869998;27598.26;0.3869998;23085.1;0.3869998;27914.33;0.3869998;26376.1;0.3869998;25869.82
0.3899998;25512.98;0.3899998;23836.81;0.3899998;23233.4;0.3899998;24346.89;0.3899998;24079.5;0.3899998;27882.73;0.3899998;23347.21;0.3899998;28179.62;0.3899998;26645.91;0.3899998;26129.97
0.3929998;25777.42;0.3929998;24087.24;0.3929998;23470.7;0.3929998;24616.81;0.3929998;24352.31;0.3929998;28167.66;0.3929998;23609.34;0.3929998;28444.72;0.3929998;26916.18;0.3929998;26390.13
0.3959998;26041.86;0.3959998;24337.69;0.3959998;23708.31;0.3959998;24887.3;0.3959998;24625.28;0.3959998;28452.64;0.3959998;23871.92;0.3959998;28709.82;0.3959998;27186.55;0.3959998;26649.96
0.3989998;26306.31;0.3989998;24588.38;0.3989998;23945.92;0.3989998;25157.86;0.3989998;24898.57;0.3989998;28738.02;0.3989998;24134.5;0.3989998;28974.41;0.3989998;27456.71;0.3989998;26909.78
0.4019998;26570.69;0.4019998;24839.19;0.4019998;24183.85;0.4019998;25429.33;0.4019998;25172.04;0.4019998;29023.39;0.4019998;24397.69;0.4019998;29238.98;0.4019998;27726.75;0.4019998;27169.35
0.4049998;26835.04;0.4049998;25090.05;0.4049998;24421.84;0.4049998;25700.81;0.4049998;25446.56;0.4049998;29308.79;0.4049998;24661.01;0.4049998;29502.66;0.4049998;27996.92;0.4049998;27428.85
0.4079998;27099.39;0.4079998;25340.96;0.4079998;24660.08;0.4079998;25972.3;0.4079998;25721.08;0.4079998;29594.18;0.4079998;24924.32;0.4079998;29766.1;0.4079998;28267.25;0.4079998;27688
0.4109997;27363.78;0.4109997;25591.95;0.4109997;24898.45;0.4109997;26243.79;0.4109997;25995.83;0.4109997;29879.63;0.4109997;25187.61;0.4109997;30028.68;0.4109997;28537.5;0.4109997;27946.89
0.4139997;27628.19;0.4139997;25843.18;0.4139997;25136.99;0.4139997;26515.75;0.4139997;26270.59;0.4139997;30165.09;0.4139997;25450.91;0.4139997;30290.69;0.4139997;28807.45;0.4139997;28205.55
0.4169997;27892.73;0.4169997;26094.42;0.4169997;25375.72;0.4169997;26787.95;0.4169997;26546.07;0.4169997;30450.5;0.4169997;25714.21;0.4169997;30552.11;0.4169997;29077.38;0.4169997;28463.88
0.4199997;28157.27;0.4199997;26345.79;0.4199997;25614.49;0.4199997;27060.36;0.4199997;26821.79;0.4199997;30735.85;0.4199997;25977.57;0.4199997;30812.67;0.4199997;29347.11;0.4199997;28721.96
0.4229997;28421.68;0.4229997;26597.16;0.4229997;25853.41;0.4229997;27333;0.4229997;27097.69;0.4229997;31021.09;0.4229997;26241.13;0.4229997;31073.01;0.4229997;29616.85;0.4229997;28979.08
0.4259997;28686.08;0.4259997;26848.57;0.4259997;26092.36;0.4259997;27605.61;0.4259997;27373.72;0.4259997;31306.12;0.4259997;26504.68;0.4259997;31332.54;0.4259997;29886.6;0.4259997;29236.19
0.4289997;28950.29;0.4289997;27099.98;0.4289997;26331.63;0.4289997;27878.12;0.4289997;27649.98;0.4289997;31591.09;0.4289997;26767.99;0.4289997;31592.04;0.4289997;30156.36;0.4289997;29492.22
0.4319997;29214.44;0.4319997;27351.21;0.4319997;26570.91;0.4319997;28150.67;0.4319997;27926.62;0.4319997;31875.69;0.4319997;27031.31;0.4319997;31849.76;0.4319997;30425.79;0.4319997;29748.25
0.4349997;29478.23;0.4349997;27602.37;0.4349997;26810.06;0.4349997;28423.58;0.4349997;28203.35;0.4349997;32160.28;0.4349997;27294.72;0.4349997;32107.47;0.4349997;30695.04;0.4349997;30003.7
0.4379997;29741.81;0.4379997;27853.51;0.4379997;27049.21;0.4379997;28696.5;0.4379997;28480.54;0.4379997;32444.64;0.4379997;27558.15;0.4379997;32363.59;0.4379997;30964.05;0.4379997;30259.02
0.4409997;30005.27;0.4409997;28104.63;0.4409997;27288.59;0.4409997;28969.15;0.4409997;28757.72;0.4409997;32728.99;0.4409997;27821.34;0.4409997;32619.37;0.4409997;31232.79;0.4409997;30513.22
0.4439996;30268.56;0.4439996;28355.68;0.4439996;27528.09;0.4439996;29241.79;0.4439996;29034.81;0.4439996;33012.68;0.4439996;28084.42;0.4439996;32874.12;0.4439996;31501.32;0.4439996;30766.75
0.4469996;30531.66;0.4469996;28606.55;0.4469996;27767.39;0.4469996;29514.61;0.4469996;29311.9;0.4469996;33296.14;0.4469996;28347.28;0.4469996;33128.27;0.4469996;31769.35;0.4469996;31019.42
0.4499996;30794.2;0.4499996;28857.38;0.4499996;28006.5;0.4499996;29787.51;0.4499996;29589.51;0.4499996;33579.16;0.4499996;28609.91;0.4499996;33381.38;0.4499996;32037.26;0.4499996;31270.95
0.4529996;31056.71;0.4529996;29107.94;0.4529996;28245.56;0.4529996;30060.17;0.4529996;29867.25;0.4529996;33861.85;0.4529996;28872.39;0.4529996;33633.17;0.4529996;32304.07;0.4529996;31522.21
0.4559996;31318.81;0.4559996;29358.49;0.4559996;28484.48;0.4559996;30332.61;0.4559996;30145.17;0.4559996;34144.36;0.4559996;29134.53;0.4559996;33884.34;0.4559996;32570.88;0.4559996;31772.56
0.4589996;31580.9;0.4589996;29608.48;0.4589996;28723.34;0.4589996;30604.89;0.4589996;30423.19;0.4589996;34426.59;0.4589996;29396.65;0.4589996;34133.62;0.4589996;32836.91;0.4589996;32022.82
0.4619996;31842.22;0.4619996;29858.44;0.4619996;28961.85;0.4619996;30876.85;0.4619996;30701.25;0.4619996;34708.66;0.4619996;29658.63;0.4619996;34382.77;0.4619996;33102.86;0.4619996;32270.77
0.4649996;32103.41;0.4649996;30107.93;0.4649996;29200.37;0.4649996;31148.76;0.4649996;30979.35;0.4649996;34989.94;0.4649996;29920.6;0.4649996;34629.48;0.4649996;33368.18;0.4649996;32518.72
0.4679996;32364.06;0.4679996;30357.25;0.4679996;29438.42;0.4679996;31420.36;0.4679996;31257.52;0.4679996;35271.22;0.4679996;30181.83;0.4679996;34876.2;0.4679996;33633.26;0.4679996;32764.79
0.4709996;32624.44;0.4709996;30606.21;0.4709996;29676.45;0.4709996;31691.97;0.4709996;31535.9;0.4709996;35551.27;0.4709996;30443;0.4709996;35120.76;0.4709996;33897.66;0.4709996;33010.5
0.4739996;32884.29;0.4739996;30854.87;0.4739996;29913.75;0.4739996;31962.43;0.4739996;31814.27;0.4739996;35831.3;0.4739996;30703.66;0.4739996;35364.96;0.4739996;34161.43;0.4739996;33255.12
0.4769996;33143.57;0.4769996;31103.37;0.4769996;30150.8;0.4769996;32232.84;0.4769996;32091.98;0.4769996;36110.49;0.4769996;30964.14;0.4769996;35607;0.4769996;34424.71;0.4769996;33499.15
0.4799995;33402.58;0.4799995;31351.57;0.4799995;30387.82;0.4799995;32503.29;0.4799995;32369.69;0.4799995;36389.46;0.4799995;31224.15;0.4799995;35847.95;0.4799995;34686.98;0.4799995;33742.06
0.4829995;33660.93;0.4829995;31599.62;0.4829995;30624.82;0.4829995;32773.76;0.4829995;32647.23;0.4829995;36667.46;0.4829995;31483.77;0.4829995;36087.27;0.4829995;34949.07;0.4829995;33983.66
0.4859995;33919.17;0.4859995;31846.88;0.4859995;30861.57;0.4859995;33043.78;0.4859995;32924.73;0.4859995;36944.83;0.4859995;31743.27;0.4859995;36324.78;0.4859995;35210.05;0.4859995;34224.6
0.4889995;34176.37;0.4889995;32094.15;0.4889995;31097.91;0.4889995;33313.46;0.4889995;33202.03;0.4889995;37221.63;0.4889995;32002.54;0.4889995;36561.3;0.4889995;35471.03;0.4889995;34463.71
0.4919995;34433.56;0.4919995;32340.81;0.4919995;31334.04;0.4919995;33582.76;0.4919995;33479.22;0.4919995;37497.63;0.4919995;32261.63;0.4919995;36795.29;0.4919995;35730.5;0.4919995;34702.64
0.4949995;34689.45;0.4949995;32587.46;0.4949995;31569.27;0.4949995;33851.43;0.4949995;33756.3;0.4949995;37773.3;0.4949995;32519.79;0.4949995;37028.98;0.4949995;35989.88;0.4949995;34939.26
0.4979995;34945.2;0.4979995;32833.38;0.4979995;31804.49;0.4979995;34120;0.4979995;34033.26;0.4979995;38047.82;0.4979995;32777.95;0.4979995;37259.32;0.4979995;36248.36;0.4979995;35175.87
0.5009995;35200.12;0.5009995;33079.09;0.5009995;32039.38;0.5009995;34388.12;0.5009995;34310.09;0.5009995;38322.3;0.5009995;33035.4;0.5009995;37489.68;0.5009995;36506.53;0.5009995;35410.03
0.5039995;35454.7;0.5039995;33324.19;0.5039995;32274.26;0.5039995;34656.24;0.5039995;34586.58;0.5039995;38595.32;0.5039995;33292.84;0.5039995;37716.43;0.5039995;36763.93;0.5039995;35643.85
0.5069996;35708.5;0.5069996;33568.85;0.5069996;32508.36;0.5069996;34923.48;0.5069996;34863.03;0.5069996;38868.35;0.5069996;33549.26;0.5069996;37942.73;0.5069996;37020.72;0.5069996;35875.7
0.5099996;35961.59;0.5099996;33813.2;0.5099996;32742.26;0.5099996;35190.72;0.5099996;35139.05;0.5099996;39139.91;0.5099996;33805.42;0.5099996;38166.19;0.5099996;37276.7;0.5099996;36106.63
0.5129996;36214.18;0.5129996;34057.07;0.5129996;32975.79;0.5129996;35456.82;0.5129996;35415.08;0.5129996;39411.19;0.5129996;34061.11;0.5129996;38388.41;0.5129996;37531.28;0.5129996;36336.11
0.5159996;36465.74;0.5159996;34300.64;0.5159996;33209.08;0.5159996;35722.64;0.5159996;35690.43;0.5159996;39681.21;0.5159996;34316.49;0.5159996;38608.63;0.5159996;37785.58;0.5159996;36564.09
0.5189996;36717.07;0.5189996;34543.05;0.5189996;33441.89;0.5189996;35987.89;0.5189996;35965.68;0.5189996;39950.55;0.5189996;34571.51;0.5189996;38826.85;0.5189996;38038.55;0.5189996;36791.13
0.5219997;36966.98;0.5219997;34785.43;0.5219997;33674.01;0.5219997;36252.76;0.5219997;36240.64;0.5219997;40218.77;0.5219997;34826.02;0.5219997;39043.61;0.5219997;38291.53;0.5219997;37015.96
0.5249997;37216.9;0.5249997;35026.68;0.5249997;33905.9;0.5249997;36517.16;0.5249997;36515.47;0.5249997;40485.67;0.5249997;35080.32;0.5249997;39257.07;0.5249997;38542.69;0.5249997;37240.46
0.5279997;37465.22;0.5279997;35267.93;0.5279997;34136.95;0.5279997;36780.87;0.5279997;36790;0.5279997;40751.98;0.5279997;35333.87;0.5279997;39470.05;0.5279997;38793.82;0.5279997;37462.26
0.5309997;37713.46;0.5309997;35508.03;0.5309997;34367.97;0.5309997;37044.25;0.5309997;37064.23;0.5309997;41016.66;0.5309997;35587.36;0.5309997;39679.25;0.5309997;39043.37;0.5309997;37684.05
0.5339997;37960.47;0.5339997;35747.89;0.5339997;34598.05;0.5339997;37306.45;0.5339997;37338.22;0.5339997;41281.17;0.5339997;35839.25;0.5339997;39888.45;0.5339997;39292.51;0.5339997;37902.57
0.5369998;38207.08;0.5369998;35986.98;0.5369998;34828.12;0.5369998;37568.61;0.5369998;37611.66;0.5369998;41543.41;0.5369998;36091.14;0.5369998;40093.67;0.5369998;39540.27;0.5369998;38120.77
0.5399998;38452.64;0.5399998;36225.62;0.5399998;35057.03;0.5399998;37829.49;0.5399998;37884.98;0.5399998;41805.66;0.5399998;36341.85;0.5399998;40298.53;0.5399998;39787.14;0.5399998;38336.43
0.5429998;38697.39;0.5429998;36463.68;0.5429998;35285.72;0.5429998;38090.38;0.5429998;38157.46;0.5429998;42066;0.5429998;36592.33;0.5429998;40500.15;0.5429998;40033.21;0.5429998;38551.09
0.5459998;38941.29;0.5459998;36701.02;0.5459998;35513.98;0.5459998;38350.01;0.5459998;38429.93;0.5459998;42326.06;0.5459998;36841.69;0.5459998;40700.53;0.5459998;40278.14;0.5459998;38763.92
0.5489998;39183.75;0.5489998;36937.98;0.5489998;35742.01;0.5489998;38609.41;0.5489998;38701.77;0.5489998;42584.4;0.5489998;37090.45;0.5489998;40898.28;0.5489998;40522.53;0.5489998;38975.11
0.5519999;39425.79;0.5519999;37173.85;0.5519999;35969.19;0.5519999;38867.92;0.5519999;38973.56;0.5519999;42841.93;0.5519999;37338.47;0.5519999;41093.67;0.5519999;40765.04;0.5519999;39184.74
0.5549999;39665.94;0.5549999;37409.63;0.5549999;36195.36;0.5549999;39125.95;0.5549999;39244.77;0.5549999;43098.14;0.5549999;37585.64;0.5549999;41287.6;0.5549999;41007.46;0.5549999;39391.27
0.5579999;39906.09;0.5579999;37644.28;0.5579999;36421.22;0.5579999;39383.28;0.5579999;39515.76;0.5579999;43352.98;0.5579999;37832.24;0.5579999;41478.58;0.5579999;41247.72;0.5579999;39597.32
0.5609999;40143.77;0.5609999;37878.93;0.5609999;36646.26;0.5609999;39639.78;0.5609999;39786.38;0.5609999;43607.13;0.5609999;38077.31;0.5609999;41668.93;0.5609999;41487.97;0.5609999;39800.38
0.564;40381.41;0.564;38112.46;0.564;36871.22;0.564;39895.84;0.564;40056.69;0.564;43859.63;0.564;38322.25;0.564;41855.24;0.564;41725.77;0.564;40003.44
0.567;40617.18;0.567;38345.84;0.567;37095.27;0.567;40150.7;0.567;40326.5;0.567;44111.87;0.567;38565.66;0.567;42041.54;0.567;41963.09;0.567;40202.57
0.57;40852.45;0.57;38578.18;0.57;37319.32;0.57;40405.43;0.57;40595.38;0.57;44361.8;0.57;38809.06;0.57;42223.46;0.57;42199.04;0.57;40401.47
0.573;41086.06;0.573;38810.05;0.573;37541.88;0.573;40658.62;0.573;40864.1;0.573;44611.74;0.573;39050.63;0.573;42405.1;0.573;42434.23;0.573;40597.35
0.576;41318.57;0.576;39040.9;0.576;37764.24;0.576;40911.8;0.576;41131.89;0.576;44859.09;0.576;39291.96;0.576;42583.16;0.576;42668.39;0.576;40792.22
0.5790001;41550.05;0.5790001;39270.72;0.5790001;37985.63;0.5790001;41163.02;0.5790001;41399.69;0.5790001;45106.18;0.5790001;39531.72;0.5790001;42760;0.5790001;42901.33;0.5790001;40984.53
0.5820001;41780.04;0.5820001;39500.09;0.5820001;38206.58;0.5820001;41413.98;0.5820001;41666.73;0.5820001;45351.42;0.5820001;39770.8;0.5820001;42934.43;0.5820001;43133.54;0.5820001;41174.8
0.5850001;42009.5;0.5850001;39728.44;0.5850001;38426.89;0.5850001;41663.75;0.5850001;41933.73;0.5850001;45595.91;0.5850001;40008.4;0.5850001;43106.89;0.5850001;43363.76;0.5850001;41363.6
0.5880001;42236.98;0.5880001;39956.59;0.5880001;38646.55;0.5880001;41912.98;0.5880001;42199.83;0.5880001;45838.87;0.5880001;40244.55;0.5880001;43277.63;0.5880001;43593.79;0.5880001;41549.85
0.5910001;42464.4;0.5910001;40183.3;0.5910001;38865.87;0.5910001;42161.47;0.5910001;42465.66;0.5910001;46080.39;0.5910001;40480.16;0.5910001;43445.22;0.5910001;43821.42;0.5910001;41735.33
0.5940002;42689.03;0.5940002;40410.02;0.5940002;39084.4;0.5940002;42409.21;0.5940002;42730.95;0.5940002;46320.99;0.5940002;40714.57;0.5940002;43612.05;0.5940002;44049.05;0.5940002;41917.13
0.5970002;42913.65;0.5970002;40635.12;0.5970002;39302.77;0.5970002;42656.23;0.5970002;42995.82;0.5970002;46559.64;0.5970002;40948.6;0.5970002;43774.71;0.5970002;44273.95;0.5970002;42098.92
0.6000002;43135.96;0.6000002;40860.11;0.6000002;39519.95;0.6000002;42901.55;0.6000002;43259.9;0.6000002;46797.95;0.6000002;41179.91;0.6000002;43937.38;0.6000002;44498.51;0.6000002;42276.22
0.6030002;43357.79;0.6030002;41083.8;0.6030002;39737.13;0.6030002;43146.68;0.6030002;43522.69;0.6030002;47033.92;0.6030002;41411.22;0.6030002;44096.11;0.6030002;44721.32;0.6030002;42453.43
0.6060002;43577.71;0.6060002;41307.04;0.6060002;39952.85;0.6060002;43390.16;0.6060002;43785.3;0.6060002;47269.89;0.6060002;41640.29;0.6060002;44254.66;0.6060002;44943.37;0.6060002;42627.34
0.6090003;43796.54;0.6090003;41529.18;0.6090003;40168.45;0.6090003;43633.64;0.6090003;44047.12;0.6090003;47502.95;0.6090003;41869.2;0.6090003;44409.49;0.6090003;45163.7;0.6090003;42800.35
0.6120003;44013.86;0.6120003;41750.45;0.6120003;40382.84;0.6120003;43874.89;0.6120003;44308.95;0.6120003;47735.77;0.6120003;42096.36;0.6120003;44563.16;0.6120003;45382.34;0.6120003;42971.14
0.6150003;44229.28;0.6150003;41971.14;0.6150003;40596.8;0.6150003;44115.94;0.6150003;44569.76;0.6150003;47966.25;0.6150003;42322.9;0.6150003;44714.14;0.6150003;45600.11;0.6150003;43140.39
0.6180003;44443.91;0.6180003;42190.81;0.6180003;40809.85;0.6180003;44355.05;0.6180003;44830.57;0.6180003;48195.86;0.6180003;42547.72;0.6180003;44863.05;0.6180003;45815.94;0.6180003;43307.79
0.6210003;44656.18;0.6210003;42410.21;0.6210003;41022.12;0.6210003;44593.44;0.6210003;45089.73;0.6210003;48423.82;0.6210003;42771.12;0.6210003;45010.37;0.6210003;46031.32;0.6210003;43472.36
0.6240004;44868.24;0.6240004;42628.38;0.6240004;41233.83;0.6240004;44830.63;0.6240004;45348.5;0.6240004;48650.35;0.6240004;42993.45;0.6240004;45154.96;0.6240004;46243.45;0.6240004;43636.11
0.6270004;45076.91;0.6270004;42846.54;0.6270004;41444.47;0.6270004;45066.76;0.6270004;45606.57;0.6270004;48875.75;0.6270004;43213.86;0.6270004;45298.81;0.6270004;46455.59;0.6270004;43796.54
0.6300004;45285.59;0.6300004;43062.44;0.6300004;41654.88;0.6300004;45302.07;0.6300004;45864.21;0.6300004;49098.95;0.6300004;43433.8;0.6300004;45439.02;0.6300004;46664.8;0.6300004;43956.95
0.6330004;45491.11;0.6330004;43278.32;0.6330004;41863.9;0.6330004;45535.82;0.6330004;46120.99;0.6330004;49321.72;0.6330004;43651.31;0.6330004;45579.22;0.6330004;46873.81;0.6330004;44112.93
0.6360005;45696.14;0.6360005;43492.45;0.6360005;42072.93;0.6360005;45769.13;0.6360005;46376.58;0.6360005;49541.86;0.6360005;43868.82;0.6360005;45715.42;0.6360005;47080.11;0.6360005;44268.92
0.6390005;45898.97;0.6390005;43706.14;0.6390005;42280.2;0.6390005;45999.93;0.6390005;46631.83;0.6390005;49762;0.6390005;44083.34;0.6390005;45851.5;0.6390005;47285.49;0.6390005;44421.93
0.6420005;46100.74;0.6420005;43918.57;0.6420005;42487.39;0.6420005;46230.73;0.6420005;46885.95;0.6420005;49978.93;0.6420005;44297.77;0.6420005;45984.03;0.6420005;47488.79;0.6420005;44574.24
0.6450005;46300;0.6450005;44130.21;0.6450005;42692.84;0.6450005;46459.14;0.6450005;47140;0.6450005;50195.68;0.6450005;44510;0.6450005;46115.5;0.6450005;47690.43;0.6450005;44723.86
0.6480005;46496.57;0.6480005;44341.07;0.6480005;42897.73;0.6480005;46687.44;0.6480005;47392.68;0.6480005;50409.97;0.6480005;44721.6;0.6480005;46244.65;0.6480005;47890.72;0.6480005;44871.79
0.6510006;46692.03;0.6510006;44550.86;0.6510006;43101.71;0.6510006;46913.33;0.6510006;47645.36;0.6510006;50623.45;0.6510006;44931.26;0.6510006;46372.06;0.6510006;48088.66;0.6510006;45018.13
0.6540006;46884.77;0.6540006;44760.04;0.6540006;43304.98;0.6540006;47138.48;0.6540006;47895.89;0.6540006;50834.99;0.6540006;45139.57;0.6540006;46497.92;0.6540006;48285.89;0.6540006;45162.25
0.6570006;47077.12;0.6570006;44967.2;0.6570006;43507.55;0.6570006;47362.09;0.6570006;48146.05;0.6570006;51044.95;0.6570006;45346.61;0.6570006;46621.21;0.6570006;48479.86;0.6570006;45305.53
0.6600006;47265.88;0.6600006;45174.27;0.6600006;43708.96;0.6600006;47584.55;0.6600006;48395.18;0.6600006;51253.69;0.6600006;45551.71;0.6600006;46743.77;0.6600006;48673.83;0.6600006;45445.91
0.6630006;47454.64;0.6630006;45379.46;0.6630006;43910;0.6630006;47805.84;0.6630006;48643.79;0.6630006;51460.21;0.6630006;45756.2;0.6630006;46862.91;0.6630006;48864.25;0.6630006;45586.17
0.6660007;47639.5;0.6660007;45584.65;0.6660007;44109.39;0.6660007;48025.21;0.6660007;48891.46;0.6660007;51666.22;0.6660007;45958.32;0.6660007;46982.05;0.6660007;49054.63;0.6660007;45722.8
0.6690007;47823.96;0.6690007;45787.6;0.6690007;44308.77;0.6690007;48244.07;0.6690007;49138.08;0.6690007;51869.45;0.6690007;46160.4;0.6690007;47097.32;0.6690007;49242.23;0.6690007;45859.44
0.6720007;48005.24;0.6720007;45990.16;0.6720007;44506.39;0.6720007;48460.7;0.6720007;49384.18;0.6720007;52072.68;0.6720007;46359.19;0.6720007;47212.51;0.6720007;49429.13;0.6720007;45992.53
0.6750007;48185.24;0.6750007;46191.15;0.6750007;44703.97;0.6750007;48677.32;0.6750007;49628.95;0.6750007;52272.08;0.6750007;46557.98;0.6750007;47325.3;0.6750007;49613.63;0.6750007;46124.92
0.6780007;48363.05;0.6780007;46391.35;0.6780007;44900.14;0.6780007;48890.99;0.6780007;49873.51;0.6780007;52471.32;0.6780007;46753.86;0.6780007;47437.43;0.6780007;49796.58;0.6780007;46255.18